Tipo;Designacion;d;bf;tf;hw;tw=r1;r2;bf/2tf;hw/tw;Ag;Peso;Ix;Sx;rx;Qx;Zx;Iy;Sy;ry;Qy;1.5Sy;Zy;w1;d1;w4;t1;w3;J;Cw;X1;X2
IPN;80;80;42;5.9;59.0;3.9;2.3;3.6;15.1;7.6;5.9;77.8;19.5;3.2;11.4;22.8;6.3;3.0;0.9;2.5;4.5;4.9;22.0;6.4;10.0;4.4;;0.7;87.5;32815.0;0.7
IPN;100;100;50;6.8;75.0;4.5;2.7;3.7;16.7;10.6;8.3;171.0;34.2;4.0;19.9;39.8;12.2;4.9;1.1;4.0;7.3;8.0;28.0;6.4;11.0;5.1;;1.3;268.0;30082.0;1.0
IPN;120;120;58;7.7;92.0;5.1;3.1;3.8;18.0;14.2;11.1;328.0;54.7;4.8;31.8;63.6;21.5;7.4;1.2;6.1;11.1;12.2;32.0;8.4;13.0;5.7;;2.2;685.0;28382.0;1.3
IPN;140;140;66;8.6;109.0;5.7;3.4;3.8;19.1;18.2;14.3;573.0;81.9;5.6;47.7;95.4;35.2;10.7;1.4;8.9;16.1;17.7;34.0;11.0;16.0;6.3;;3.6;1540.0;27117.0;1.6
IPN;160;160;74;9.5;125.0;6.3;3.8;3.9;19.8;22.8;17.9;935.0;117.0;6.4;68.0;136.0;54.7;14.8;1.6;12.3;22.2;24.6;40.0;11.0;17.0;6.9;;5.4;3138.0;26190.0;1.8
IPN;180;180;82;10.4;142.0;6.9;4.1;3.9;20.6;27.9;21.9;1450.0;161.0;7.2;93.4;187.0;81.3;19.8;1.7;16.5;29.7;33.0;44.0;13.0;19.0;7.5;;7.9;5924.0;25442.0;2.0
IPN;200;200;90;11.3;159.0;7.5;4.5;4.0;21.2;33.4;26.2;2140.0;214.0;8.0;125.0;250.0;117.0;26.0;1.9;21.6;39.0;43.2;48.0;13.0;21.0;8.2;;11.2;10520.0;24894.0;2.2
IPN;220;220;98;12.2;176.0;8.1;4.9;4.0;21.7;39.5;31.1;3060.0;278.0;8.8;162.0;324.0;162.0;33.1;2.0;27.6;49.7;55.2;52.0;13.0;23.0;8.8;;15.3;17760.0;24432.0;2.4
IPN;240;240;106;13.1;192.0;8.7;5.2;4.1;22.1;46.1;36.2;4250.0;354.0;9.6;206.0;412.0;221.0;41.7;2.2;34.7;62.6;69.4;56.0;17.0;25.0;9.4;;20.6;28730.0;24017.0;2.6
IPN;260;260;113;14.1;208.0;9.4;5.6;4.0;22.1;53.3;41.9;5740.0;442.0;10.4;257.0;514.0;288.0;51.0;2.3;42.6;76.5;85.1;60.0;17.0;26.5;10.2;;27.5;44070.0;23925.0;2.7
IPN;280;280;119;15.2;225.0;10.1;6.1;3.9;22.3;61.0;47.9;7590.0;542.0;11.1;316.0;632.0;364.0;61.2;2.5;51.1;91.8;102.1;62.0;17.0;28.5;11.0;;36.4;64580.0;24009.0;2.6
IPN;300;300;125;16.2;241.0;10.8;6.5;3.9;22.3;69.0;54.2;9800.0;653.0;11.9;381.0;762.0;451.0;72.2;2.6;60.3;108.3;120.6;64.0;21.0;30.5;11.8;;46.7;91850.0;23987.0;2.7
IPN;320;320;131;17.3;258.0;11.5;6.9;3.8;22.4;77.7;61.0;12510.0;782.0;12.7;457.0;914.0;555.0;84.7;2.7;71.0;127.1;141.9;70.0;21.0;30.5;12.7;;59.7;128800.0;24038.0;2.7
IPN;340;340;137;18.3;274.0;12.2;7.3;3.7;22.5;86.7;68.0;15700.0;923.0;13.5;540.0;1080.0;674.0;98.4;2.8;82.4;147.6;164.7;74.0;21.0;31.5;13.5;;74.3;176300.0;24009.0;2.7
IPN;360;360;143;19.5;290.0;13.0;7.8;3.7;22.3;97.0;76.1;19610.0;1090.0;14.2;638.0;1276.0;818.0;114.0;2.9;96.0;171.6;191.9;76.0;23.0;33.5;14.5;;94.2;240100.0;24207.0;2.6
IPN;380;380;149;20.5;306.0;13.7;8.2;3.6;22.3;107.0;84.0;24010.0;1260.0;15.0;741.0;1482.0;975.0;131.0;3.0;109.8;196.4;219.6;82.0;23.0;33.5;15.3;;115.0;318700.0;24262.0;2.7
IPN;400;400;155;21.6;323.0;14.4;8.6;3.6;22.4;118.0;92.4;29210.0;1460.0;15.7;857.0;1714.0;1160.0;149.0;3.1;125.5;223.5;251.0;86.0;23.0;34.5;16.2;;140.0;419600.0;24270.0;2.7
IPN;425;425;163;23.0;343.0;15.3;9.2;3.5;22.4;132.0;104.0;36970.0;1740.0;16.7;1020.0;2040.0;1440.0;176.0;3.3;148.1;264.0;296.2;88.0;25.0;37.5;17.3;;177.0;587500.0;24280.0;2.6
IPN;450;450;170;24.3;363.0;16.2;9.7;3.5;22.4;147.0;115.0;45850.0;2040.0;17.7;1200.0;2400.0;1730.0;203.0;3.4;170.7;304.5;341.4;94.0;25.0;38.0;18.4;;220.0;791100.0;24306.0;2.7
IPN;475;475;178;25.6;384.0;17.1;10.3;3.5;22.5;163.0;128.0;56480.0;2380.0;18.6;1400.0;2800.0;2090.0;235.0;3.6;197.5;352.5;394.9;96.0;28.0;41.0;19.4;;270.0;1067000.0;24318.0;2.7
IPN;500;500;185;27.0;404.0;18.0;10.8;3.4;22.4;179.0;141.0;68740.0;2750.0;19.6;1620.0;3240.0;2480.0;268.0;3.7;225.7;402.2;451.4;100.0;28.0;42.5;20.5;;329.0;1403000.0;24375.0;2.7
IPN;550;550;200;30.0;445.0;19.0;11.9;3.3;23.4;212.0;166.0;99180.0;3610.0;21.6;2120.0;4240.0;3490.0;349.0;4.0;292.3;523.5;584.6;110.0;28.0;45.0;23.0;;472.0;2389000.0;24188.0;2.7
IPN;600;600;215;32.4;485.0;21.6;13.0;3.3;22.5;254.0;199.0;139000.0;4630.0;23.4;2730.0;5460.0;4670.0;434.0;4.3;368.4;651.6;736.7;120.0;28.0;47.5;24.9;;667.0;3821000.0;24544.0;2.6
IPB;100;100;100;10.0;56.0;6.0;-;5.0;9.3;26.0;20.4;450.0;89.9;4.2;52.1;104.0;167.0;33.5;2.5;25.4;50.3;50.7;55.0;13.0;22.5;;-;7.2;3375.0;42134.0;0.2
IPB;120;120;120;11.0;74.0;6.5;-;5.5;11.4;34.0;26.7;864.0;144.0;5.0;82.6;165.0;318.0;52.9;3.1;40.1;79.4;80.2;65.0;17.0;27.5;;-;11.5;9410.0;37978.0;0.3
IPB;140;140;140;12.0;92.0;7.0;-;5.8;13.1;43.0;33.7;1510.0;216.0;5.9;123.0;246.0;550.0;78.5;3.6;59.5;118.0;119.0;75.0;21.0;32.5;;-;17.5;22480.0;35010.0;0.4
IPB;160;160;160;13.0;104.0;8.0;-;6.2;13.0;54.3;42.6;2490.0;311.0;6.8;177.0;354.0;889.0;111.0;4.1;84.3;167.0;169.0;85.0;23.0;37.5;;-;25.7;47940.0;33170.0;0.5
IPB;180;180;180;14.0;122.0;8.5;-;6.4;14.4;65.3;51.2;3830.0;426.0;7.7;241.0;482.0;1360.0;151.0;4.6;115.0;227.0;230.0;100.0;25.0;40.0;;-;36.0;93750.0;31434.0;0.7
IPB;200;200;200;15.0;134.0;9.0;-;6.7;14.9;78.1;61.3;5700.0;570.0;8.5;321.0;642.0;2000.0;200.0;5.1;152.0;300.0;303.0;110.0;25.0;45.0;;-;49.1;171490.0;29998.0;0.8
IPB;220;220;220;16.0;152.0;9.5;-;6.9;16.0;91.0;71.5;8090.0;736.0;9.4;414.0;828.0;2840.0;258.0;5.6;196.0;387.0;391.0;120.0;25.0;50.0;;-;65.4;295400.0;28943.0;0.9
IPB;240;240;240;17.0;164.0;10.0;-;7.1;16.4;106.0;83.2;11260.0;938.0;10.3;427.0;854.0;3920.0;327.0;6.1;247.0;491.0;495.0;90.0;25.0;40.0;;35.0;85.5;486900.0;28011.0;1.0
IPB;260;260;260;17.5;177.0;10.0;-;7.4;17.7;118.0;93.0;14920.0;1150.0;11.2;641.0;1282.0;5130.0;395.0;6.6;299.0;593.0;597.0;100.0;25.0;40.0;;40.0;100.0;753700.0;26125.0;1.3
IPB;280;280;280;18.0;196.0;10.5;-;7.8;18.7;131.0;103.0;19270.0;1380.0;12.1;767.0;1534.0;6590.0;471.0;7.1;356.0;707.0;712.0;110.0;25.0;40.0;;45.0;118.0;1430000.0;24898.0;2.0
IPB;300;300;300;19.0;208.0;11.0;-;7.9;18.9;149.0;117.0;25170.0;1680.0;13.0;934.0;1868.0;8560.0;571.0;7.6;431.0;857.0;863.0;120.0;25.0;40.0;;50.0;149.0;1688000.0;24465.0;1.7
IPB;320;320;300;20.5;225.0;11.5;-;7.3;19.6;161.0;127.0;30820.0;1930.0;13.8;1070.0;2140.0;9240.0;616.0;7.6;466.0;924.0;932.0;120.0;25.0;40.0;;50.0;186.0;2069000.0;24779.0;1.6
IPB;340;340;300;21.5;243.0;12.0;-;7.0;20.3;171.0;134.0;36660.0;2160.0;14.6;1200.0;2400.0;9690.0;646.0;7.5;489.0;969.0;978.0;120.0;25.0;40.0;;50.0;216.0;2454000.0;24553.0;1.7
IPB;360;360;300;22.5;261.0;12.5;-;6.7;20.9;181.0;142.0;43190.0;2400.0;15.4;1340.0;2680.0;10140.0;676.0;7.5;512.0;1014.0;1025.0;120.0;25.0;40.0;;50.0;248.0;2883000.0;24383.0;1.8
IPB;400;400;300;24.0;298.0;13.5;-;6.3;22.1;198.0;155.0;57680.0;2880.0;17.1;1620.0;3240.0;10820.0;721.0;7.4;548.0;1082.0;1096.0;120.0;25.0;40.0;;50.0;305.0;3817000.0;23567.0;2.1
IPB;450;450;300;26.0;344.0;14.0;-;5.8;24.6;218.0;171.0;79890.0;3550.0;19.1;1990.0;3980.0;11720.0;781.0;7.3;595.0;1172.0;1190.0;120.0;25.0;40.0;;50.0;388.0;5258000.0;22612.0;2.5
IPB;500;500;300;28.0;390.0;14.5;-;5.4;26.9;239.0;187.0;107200.0;4290.0;21.2;2410.0;4820.0;12620.0;842.0;7.3;642.0;1263.0;1283.0;120.0;28.0;45.0;;45.0;484.0;7018000.0;21887.0;2.9
IPB;550;550;300;29.0;438.0;15.0;-;5.2;29.2;254.0;199.0;136700.0;4970.0;23.2;2800.0;5600.0;13080.0;872.0;7.2;666.0;1308.0;1333.0;120.0;28.0;45.0;;45.0;543.0;8856000.0;20629.0;3.8
IPB;600;600;300;30.0;486.0;15.5;-;5.0;31.4;270.0;212.0;171000.0;5700.0;25.2;3210.0;6420.0;13530.0;902.0;7.1;691.0;1353.0;1382.0;120.0;28.0;45.0;;45.0;607.0;10965000.0;19605.0;4.8
IPB;650;650;300;31.0;534.0;16.0;-;4.8;33.4;286.0;225.0;210600.0;6480.0;27.1;3660.0;7320.0;13980.0;932.0;7.0;716.0;1398.0;1433.0;120.0;28.0;45.0;;45.0;676.0;13363000.0;18731.0;5.9
IPB;700;700;300;32.0;582.0;17.0;-;4.7;34.2;306.0;241.0;256900.0;7340.0;29.0;4160.0;8320.0;14440.0;963.0;6.9;743.0;1445.0;1486.0;120.0;28.0;45.0;;45.0;760.0;16064000.0;18130.0;7.0
IPB;800;800;300;33.0;674.0;17.5;-;4.6;38.5;334.0;262.0;359100.0;8980.0;32.8;5110.0;10220.0;14900.0;994.0;6.7;771.0;1491.0;1541.0;120.0;28.0;45.0;;45.0;850.0;21840000.0;16377.0;11.0
IPB;900;900;300;35.0;770.0;18.5;-;4.3;41.6;371.0;291.0;494100.0;10980.0;36.5;6290.0;12580.0;15820.0;1050.0;6.5;823.0;1575.0;1646.0;120.0;28.0;45.0;;45.0;1033.0;29461000.0;15561.0;14.1
IPB;1000;1000;300;36;868;19;-;4.17;45.7;400;314;644700;12890;40.1;7430;14860;16280;1090;6.38;852;1635;1704;120;28;45;;45;1145;37637000;14494;19.65
IPBl;100;96;100;8.0;56.0;5.0;-;6.3;11.2;21.2;16.7;349.0;72.8;4.1;41.5;83.0;134.0;26.8;2.5;20.3;40.2;40.5;55.0;13.0;22.5;;-;3.8;2581.0;33792.0;0.5
IPBl;120;114;120;8.0;74.0;5.0;-;7.5;14.8;25.3;19.9;606.0;106.0;4.9;59.7;119.0;231.0;38.5;3.0;29.1;57.8;58.2;65.0;17.0;27.5;;-;4.5;6472.0;27716.0;1.1
IPBl;140;133;140;8.5;92.0;5.5;-;8.2;16.7;31.4;24.7;1030.0;155.0;5.7;86.7;173.0;389.0;55.6;3.5;42.1;83.4;84.2;75.0;21.0;32.5;;-;6.4;15060.0;25215.0;1.5
IPBl;160;152;160;9.0;104.0;6.0;-;8.9;17.3;38.8;30.4;1670.0;220.0;6.6;123.0;246.0;616.0;77.0;4.0;58.2;116.0;116.0;85.0;23.0;37.5;;-;8.7;31410.0;23134.0;2.2
IPBl;180;171;180;9.5;122.0;6.0;-;9.5;20.3;45.3;35.5;2510.0;294.0;7.4;162.0;324.0;925.0;103.0;4.5;77.6;154.0;155.0;100.0;25.0;40.0;;-;11.4;60210.0;21351.0;2.9
IPBl;200;190;200;10.0;134.0;6.5;-;10.0;20.6;53.8;42.3;3690.0;389.0;8.3;215.0;430.0;1340.0;134.0;5.0;101.0;201.0;202.0;110.0;25.0;45.0;;-;14.9;108000.0;20084.0;3.7
IPBl;220;210;220;11.0;152.0;7.0;-;10.0;21.7;64.3;50.5;5410.0;515.0;9.2;284.0;568.0;1950.0;177.0;5.5;134.0;266.0;269.0;120.0;25.0;50.0;;-;21.7;193300.0;19998.0;3.8
IPBl;240;230;240;12.0;164.0;7.5;-;10.0;21.9;76.8;60.3;7760.0;675.0;10.1;372.0;744.0;2770.0;231.0;6.0;174.0;346.0;348.0;90.0;25.0;40.0;;35.0;30.5;328500.0;19813.0;3.9
IPBl;260;250;260;12.5;177.0;7.5;-;10.4;23.6;86.8;68.2;10450.0;836.0;11.0;460.0;920.0;3679.0;283.0;6.5;213.0;425.0;426.0;100.0;25.0;40.0;;40.0;37.0;516400.0;18716.0;4.8
IPBl;280;270;280;13.0;196.0;8.0;-;10.8;24.5;97.3;76.4;13670.0;1010.0;11.9;556.0;1112.0;4760.0;340.0;7.0;257.0;510.0;514.0;110.0;25.0;40.0;;45.0;45.2;785400.0;18119.0;5.5
IPBl;300;290;300;14.0;208.0;8.5;-;10.7;24.5;113.0;88.3;18260.0;1260.0;12.8;692.0;1384.0;6310.0;421.0;7.5;317.0;631.0;635.0;120.0;25.0;40.0;;50.0;60.2;1200000.0;17995.0;5.6
IPBl;320;310;300;15.5;225.0;9.0;-;9.7;25.0;124.0;97.6;22930.0;1480.0;13.6;814.0;1628.0;6990.0;466.0;7.5;352.0;699.0;703.0;120.0;25.0;40.0;;50.0;81.3;1512000.0;18721.0;4.8
IPBl;340;330;300;16.5;243.0;9.5;-;9.1;25.6;133.0;105.0;27690.0;1680.0;14.4;925.0;1850.0;7440.0;496.0;7.5;375.0;744.0;749.0;120.0;25.0;40.0;;50.0;98.3;1824000.0;18790.0;4.8
IPBl;360;350;300;17.5;261.0;10.0;-;8.6;26.1;143.0;112.0;33090.0;1890.0;15.2;1040.0;2080.0;7890.0;526.0;7.4;398.0;789.0;795.0;120.0;25.0;40.0;;50.0;118.0;2177000.0;18947.0;4.8
IPBl;400;390;300;19.0;298.0;11.0;-;7.9;27.1;159.0;125.0;45070.0;2310.0;16.8;1280.0;2560.0;8560.0;571.0;7.3;433.0;856.0;866.0;120.0;25.0;40.0;;50.0;153.0;2942000.0;18625.0;5.3
IPBl;450;440;300;21.0;344.0;11.5;-;7.1;29.9;178.0;140.0;63720.0;2900.0;18.9;1610.0;3220.0;9470.0;631.0;7.3;479.0;947.0;958.0;120.0;25.0;40.0;;50.0;205.0;4148000.0;18200.0;5.9
IPBl;500;490;300;23.0;390.0;12.0;-;6.5;32.5;198.0;155.0;86970.0;3550.0;21.0;1970.0;3940.0;10370.0;691.0;7.2;525.0;1037.0;1051.0;120.0;28.0;45.0;;45.0;269.0;5643000.0;17942.0;6.4
IPBl;550;540;300;24.0;438.0;12.5;-;6.3;35.0;212.0;166.0;111900.0;4150.0;23.0;2310.0;4620.0;10829.0;722.0;7.2;550.0;1083.0;1099.0;120.0;28.0;45.0;;45.0;309.0;7189000.0;17010.0;8.1
IPBl;600;590;300;25.0;486.0;13.0;-;6.0;37.4;226.0;178.0;141200.0;4790.0;25.0;2680.0;5360.0;11270.0;751.0;7.1;574.0;1127.0;1148.0;120.0;28.0;45.0;;45.0;352.0;8978000.0;16255.0;9.9
IPBl;650;640;300;26.0;534.0;13.5;-;5.8;39.6;242.0;190.0;175200.0;5470.0;26.9;3070.0;6140.0;11720.0;781.0;7.0;598.0;1172.0;1197.0;120.0;28.0;45.0;;45.0;400.0;11027000.0;15695.0;11.8
IPBl;700;690;300;27.0;582.0;14.5;-;5.6;40.1;260.0;204.0;215300.0;6240.0;28.8;3520.0;7040.0;12180.0;812.0;6.8;624.0;1218.0;1248.0;120.0;28.0;45.0;;45.0;458.0;13352000.0;15270.0;13.6
IPBl;800;790;300;28.0;674.0;15.0;-;5.4;44.9;286.0;224.0;303400.0;7680.0;32.6;4350.0;8700.0;12640.0;843.0;6.7;651.0;1264.0;1301.0;120.0;28.0;45.0;;45.0;522.0;18290000.0;13882.0;21.1
IPBl;900;890;300;30.0;770.0;16.0;-;5.0;48.1;320.0;252.0;422100.0;9480.0;36.3;5410.0;10820.0;13550.0;903.0;6.5;702.0;1355.0;1403.0;120.0;28.0;45.0;;45.0;653.0;24962000.0;13313.0;26.0
IPBl;1000;990;300;31;868;16.5;-;4.84;52.61;347;272;553800;11490;39.9;6410;12820;14000;933;6.35;729;1400;1458;120;28;45;;45;735;32074000;12131;37.6
IPBv;100;120;106;20.0;56.0;12.0;;2.7;4.7;53.2;41.8;1140.0;190.0;4.6;118.0;236.0;399.0;75.3;2.7;57.6;113.0;115.0;;;;;;61.1;9925.0;82857.0;0.0
IPBv;120;140;126;21.0;74.0;12.5;;3.0;5.9;66.4;52.1;2020.0;288.0;5.5;175.0;350.0;703.0;112.0;3.3;85.3;167.0;171.0;;;;;;84.2;24790.0;71653.0;0.0
IPBv;140;160;146;22.0;92.0;13.0;;3.3;7.1;80.6;63.2;3290.0;411.0;6.4;247.0;494.0;1140.0;157.0;3.8;120.0;236.0;239.0;;;;;;112.0;54330.0;63849.0;0.0
IPBv;160;180;166;23.0;104.0;14.0;;3.6;7.4;97.1;76.2;5100.0;566.0;7.3;337.0;674.0;1760.0;212.0;4.3;162.0;318.0;323.0;;;;;;147.0;108100.0;58246.0;0.1
IPBv;180;200;186;24.0;122.0;14.5;;3.9;8.4;113.0;88.9;7480.0;748.0;8.1;442.0;884.0;2580.0;277.0;4.8;212.0;416.0;423.0;;;;;;187.0;199300.0;53624.0;0.1
IPBv;200;220;206;25.0;134.0;15.0;;4.1;8.9;131.0;103.0;10640.0;967.0;9.0;568.0;1136.0;3650.0;354.0;5.3;270.0;532.0;540.0;;;;;;234.0;346300.0;49946.0;0.1
IPBv;220;240;226;26.0;152.0;15.5;;4.4;9.8;149.0;117.0;14600.0;1220.0;9.9;710.0;1420.0;5010.0;444.0;5.8;338.0;666.0;675.0;;;;;;288.0;572700.0;46881.0;0.1
IPBv;240;270;248;32.0;164.0;18.0;;3.9;9.1;200.0;157.0;24290.0;1800.0;11.0;1060.0;2120.0;8150.0;657.0;6.4;500.0;986.0;1001.0;;;;;;582.0;1152000.0;52311.0;0.1
IPBv;260;290;268;32.5;177.0;18.0;;4.1;9.8;220.0;172.0;31310.0;2160.0;11.9;1260.0;2520.0;10450.0;780.0;6.9;593.0;1170.0;1185.0;;;;;;657.0;1728000.0;48587.0;0.1
IPBv;280;310;288;33.0;196.0;18.5;;4.4;10.6;240.0;189.0;39550.0;2550.0;12.8;1480.0;2960.0;13160.0;914.0;7.4;695.0;1371.0;1389.0;;;;;;741.0;2520000.0;45664.0;0.2
IPBv;300;340;310;39.0;208.0;21.0;;4.0;9.9;303.0;238.0;59200.0;3480.0;14.0;2040.0;4080.0;19400.0;1250.0;8.0;951.0;1875.0;1903.0;;;;;;1307.0;4386000.0;49912.0;0.1
IPBv;320/305;320;305;29.0;208.0;16.0;;5.3;13.0;225.0;177.0;40950.0;2550.0;13.5;1460.0;2920.0;13740.0;901.0;7.8;683.0;1351.0;1366.0;;;;;;532.0;2903000.0;37440.0;0.3
IPBv;320;359;309;40.0;225.0;21.0;;3.9;10.7;312.0;245.0;68130.0;3480.0;14.8;2220.0;4440.0;19710.0;1280.0;8.0;970.0;1920.0;1940.0;;;;;;1405.0;5004000.0;52508.0;0.1
IPBv;340;377;309;40.0;243.0;21.0;;3.9;11.6;316.0;248.0;76370.0;4050.0;15.5;2360.0;4720.0;19710.0;1280.0;7.9;971.0;1920.0;1942.0;;;;;;1410.0;5585000.0;45496.0;0.2
IPBv;360;395;308;40.0;261.0;21.0;;3.9;12.4;319.0;250.0;84870.0;4300.0;16.3;2490.0;4980.0;19520.0;1270.0;7.8;966.0;1905.0;1932.0;;;;;;1411.0;6137000.0;43073.0;0.2
IPBv;400;432;307;40.0;298.0;21.0;;3.8;14.2;326.0;256.0;104100.0;4820.0;17.9;2790.0;5580.0;19340.0;1260.0;7.7;962.0;1890.0;1924.0;;;;;;1419.0;7410000.0;38944.0;0.3
IPBv;450;478;307;40.0;344.0;21.0;;3.8;16.4;335.0;263.0;131500.0;5500.0;19.8;3170.0;6340.0;19340.0;1260.0;7.6;964.0;1890.0;1929.0;;;;;;1433.0;9252000.0;34770.0;0.5
IPBv;500;524;306;40.0;390.0;21.0;;3.8;18.6;344.0;270.0;161900.0;6180.0;21.7;3550.0;7100.0;19150.0;1250.0;7.5;961.0;1875.0;1922.0;;;;;;1443.0;11487000.0;31465.0;0.7
IPBv;550;572;306;40.0;438.0;21.0;;3.8;20.9;354.0;278.0;198000.0;6920.0;23.6;3970.0;7940.0;19160.0;1250.0;7.4;963.0;1875.0;1927.0;;;;;;1457.0;13516000.0;28652.0;1.1
IPBv;600;620;305;40.0;486.0;21.0;;3.8;23.1;364.0;285.0;237400.0;7660.0;25.5;4390.0;8780.0;18980.0;1240.0;7.2;960.0;1860.0;1920.0;;;;;;1468.0;15908000.0;26342.0;1.5
IPBv;650;668;305;40.0;534.0;21.0;;3.8;25.4;374.0;293.0;281700.0;8430.0;27.4;4830.0;9660.0;18980.0;1240.0;7.1;963.0;1860.0;1925.0;;;;;;1483.0;18650000.0;24385.0;2.1
IPBv;700;716;304;40.0;582.0;21.0;;3.8;27.7;383.0;301.0;329300.0;9200.0;29.3;5270.0;10540.0;18800.0;1240.0;7.0;959.0;1860.0;1918.0;;;;;;1493.0;21398000.0;22691.0;2.9
IPBv;800;814;303;40.0;674.0;21.0;;3.8;32.1;404.0;317.0;442600.0;10870.0;33.1;6240.0;12480.0;18630.0;1230.0;6.8;959.0;1845.0;1917.0;;;;;;1519.0;27750000.0;19895.0;5.1
IPBv;900;910;302;40;770;21;;3.78;36.7;424;333;570400;12540;36.7;7220;14440;18450;1220;6.6;958;1830;1916;;;;;;1545;34746000;17814;8.329
IPBv;1000;1008;302;40;868;21;;3.78;41.3;444;349;722300;14330;40.3;8280;16560;18460;1220;6.45;963;1830;1926;;;;;;1575;43015000;16108;12.95
IPE;80;80;46;5.2;59.0;3.8;;4.4;15.5;7.6;6.0;80.1;20.0;3.2;11.6;23.0;8.5;3.7;1.1;2.9;5.5;6.0;25.0;6.4;10.5;;;0.6;118.0;28474.0;1.2
IPE;100;100;55;5.7;74.0;4.1;;4.8;18.0;10.3;8.1;171.0;34.2;4.1;19.7;39.0;15.9;5.8;1.2;4.5;8.7;9.0;30.0;8.4;12.5;;;0.9;351.0;24335.0;2.2
IPE;120;120;64;6.3;93.0;4.4;;5.1;21.1;13.2;10.4;318.0;53.0;4.9;30.4;61.0;27.7;8.7;1.5;6.7;13.0;13.0;35.0;8.4;14.5;;;1.4;890.0;22163.0;3.2
IPE;140;140;73;6.9;112.0;4.7;;5.3;23.8;16.4;12.9;541.0;77.3;5.7;44.2;88.0;44.9;12.3;1.7;10.0;18.5;19.0;40.0;11.0;16.5;;;2.0;1980.0;20636.0;4.3
IPE;160;160;82;7.4;127.0;5.0;;5.5;25.4;20.1;15.8;869.0;109.0;6.6;61.9;124.0;68.3;16.7;1.8;13.0;25.0;26.0;44.0;13.0;19.0;;;2.8;3959.0;19132.0;5.8
IPE;180;180;91;8.0;146.0;5.3;;5.7;27.5;23.9;18.8;1320.0;147.0;7.4;83.2;166.0;101.0;22.2;2.1;17.0;33.3;34.0;48.0;13.0;21.5;;;3.9;7431.0;18217.0;6.9
IPE;200;200;100;8.5;159.0;5.6;;5.9;28.4;28.5;22.4;1940.0;194.0;8.3;110.0;220.0;142.0;28.4;2.2;22.0;42.6;44.0;52.0;13.0;24.0;;;5.2;12990.0;17264.0;8.7
IPE;220;220;110;9.2;177.0;5.9;;6.0;30.0;33.4;26.2;2770.0;252.0;9.1;143.0;286.0;205.0;37.3;2.5;29.0;55.9;57.0;58.0;17.0;26.0;;;7.1;22670.0;16869.0;9.4
IPE;240;240;120;9.8;190.0;6.2;;6.1;30.6;39.1;30.7;3890.0;324.0;10.0;183.0;366.0;284.0;47.3;2.7;36.0;71.0;73.0;65.0;17.0;27.5;;;9.3;37390.0;16220.0;10.8
IPE;270;270;135;10.2;219.0;6.6;;6.6;33.2;45.9;36.1;5790.0;429.0;11.2;242.0;484.0;420.0;62.2;3.0;48.0;93.3;96.0;72.0;21.0;31.5;;;11.9;70580.0;15069.0;14.6
IPE;300;300;150;10.7;248.0;7.1;;7.0;34.9;53.8;42.2;8360.0;557.0;12.5;314.0;628.0;604.0;80.5;3.4;62.0;120.8;124.0;80.0;23.0;35.0;;;15.6;125900.0;14336.0;17.9
IPE;330;330;160;11.5;271.0;7.5;;7.0;36.1;62.6;49.1;11770.0;713.0;13.7;402.0;804.0;788.0;98.5;3.6;76.0;147.8;152.0;85.0;25.0;37.5;;;20.5;199100.0;13876.0;20.5
IPE;360;360;170;12.7;298.0;8.0;;6.7;37.3;72.7;57.1;16270.0;904.0;15.0;510.0;1020.0;1040.0;123.0;3.8;94.0;184.5;189.0;90.0;25.0;40.0;;;28.9;313600.0;14004.0;19.8
IPE;400;400;180;13.5;331.0;8.6;;6.7;38.5;84.5;66.3;23130.0;1160.0;16.5;654.0;1308.0;1320.0;146.0;4.0;113.0;219.0;226.0;95.0;28.0;42.5;;;37.4;490000.0;13383.0;23.9
IPE;450;450;190;14.6;378.0;9.4;;6.5;40.2;98.8;77.6;33740.0;1500.0;18.5;851.0;1702.0;1680.0;176.0;4.1;136.0;264.0;273.0;100.0;28.0;45.0;;;51.1;791000.0;13076.0;27.2
IPE;500;500;200;16.0;426.0;10.2;;6.3;41.8;116.0;90.7;48200.0;1930.0;20.4;1100.0;2200.0;2140.0;214.0;4.3;166.0;321.0;332.0;110.0;28.0;45.0;;;71.2;1249000.0;12995.0;28.8
IPE;550;550;210;17.2;467.0;11.1;;6.1;42.1;134.0;106.0;67120.0;2440.0;22.4;1390.0;2780.0;2670.0;254.0;4.5;198.0;381.0;395.0;115.0;28.0;47.5;;;94.7;1884000.0;12747.0;31.4
IPE;600;600;220;19.0;514.0;12.0;;5.8;42.8;156.0;122.0;92080.0;3070.0;24.3;1760.0;3520.0;3390.0;308.0;4.7;240.0;462.0;480.0;120.0;28.0;50.0;;;133.0;2846000.0;12950.0;30.0
W;44X335;1118;405;45.0;976.0;25.9;;4.5;37.7;634.2;498.5;1294480.0;23106.0;45.2;13274.0;26547.0;49948.0;2458.0;8.9;1934.0;3687.0;3867.0;;;;;;3097.0;143935224.0;16754;107
W;44x290;1108;402;40.1;976.0;22.1;;5.0;44.2;553.5;431.6;1127987.0;20320.0;45.2;11635.0;23270.0;43704.0;2179.0;8.9;1688.0;3269.0;3376.0;;;;;;2144.0;124332106.0;14755;173
W;44x262;1100;400;36.1;976.0;20.1;;5.6;48.7;498.1;389.9;1007280.0;18354.0;45.0;10406.0;20812.0;38585.0;1934.0;8.8;1499.0;2901.0;2999.0;;;;;;1569.0;109025562.0;13307;259
W;44x230;1090;400;31.0;976.0;18.0;;6.5;54.1;436.8;342.3;865761.0;15879.0;44.5;9013.0;18026.0;33132.0;1655.0;8.7;1286.0;2483.0;2573.0;;;;;;1036.0;92913410.0;11652;446
W;40x593;1092;424;82.0;875.0;45.5;;2.6;19.2;1123.0;882.5;2097806.0;38346.0;43.2;22614.0;45228.0;104890.0;4949.0;9.7;3941.0;7423.0;7882.0;;;;;;18772.0;265581972.0;33026;7.09
W;40x503;1068;417;70.1;875.0;39.1;;3.0;22.4;954.8;748.5;1735685.0;32446.0;42.7;18845.0;37690.0;85327.0;4097.0;9.5;3228.0;6145.0;6457.0;;;;;;7742.0;174279777.0;28337;13
W;40x431;1048;412;59.9;875.0;34.0;;3.4;25.7;819.4;641.4;1448485.0;27694.0;42.2;15977.0;31955.0;70343.0;3409.0;9.3;2679.0;5113.0;5359.0;;;;;;5910.0;154945195.0;24476;23.1
W;40x372;1032;408;52.1;875.0;29.5;;3.9;29.7;703.2;553.6;1232045.0;23925.0;41.7;13683.0;27366.0;59105.0;2901.0;9.1;2270.0;4351.0;4539.0;;;;;;4537.0;137221828.0;21374;39.1
W;40x321;1018;404;45.0;875.0;25.4;;4.5;34.4;607.1;477.7;1044741.0;20484.0;41.4;11635.0;23270.0;49532.0;2458.0;9.0;1917.0;3687.0;3835.0;;;;;;3305.0;119766996.0;18547;68.2
W;40x297;1012;402;41.9;875.0;23.6;;4.8;37.0;563.9;442.0;965657.0;19173.0;41.4;10897.0;21795.0;45369.0;2261.0;9.0;1762.0;3392.0;3523.0;;;;;;2547.0;106608739.0;17237;89.2
W;40x277;1008;402;40.0;875.0;21.1;;5.0;41.5;524.5;412.2;911547.0;18026.0;41.7;10242.0;20484.0;43288.0;2163.0;9.1;1671.0;3245.0;3343.0;;;;;;2127.0;101506558.0;16203;113
W;40x249;1000;400;36.1;875.0;19.1;;5.6;45.9;472.9;370.6;811651.0;16256.0;41.4;9177.0;18354.0;38543.0;1934.0;9.0;1491.0;2901.0;2982.0;;;;;;1569.0;89422444.0;14617;167
W;40x215;990;400;31.0;875.0;16.5;;6.5;53.0;408.4;320.0;695106.0;14060.0;41.2;7890.0;15781.0;33132.0;1655.0;9.0;1278.0;2483.0;2556.0;;;;;;1016.0;75995650.0;12617;295
W;40x199;982;400;27.1;875.0;16.5;;7.4;53.0;376.8;296.1;620185.0;12602.0;40.6;7112.0;14224.0;28928.0;1445.0;8.8;1123.0;2168.0;2245.0;;;;;;753.4;65791287.0;11652;427
W;40x174;970;400;21.1;875.0;16.5;;9.5;53.0;329.7;258.9;507802.0;10471.0;39.4;5858.0;11717.0;22518.0;1127.0;8.3;877.0;1691.0;1753.0;;;;;;466.2;50753279.0;10342;757
W;40x466;1078;321;74.9;875.0;42.4;;2.1;20.6;883.9;693.5;1510920.0;28022.0;41.4;16797.0;33593.0;42039.0;2622.0;6.9;2147.0;3933.0;4293.0;;;;;;11530.0;105534596.0;31440;9.95
W;40x392;1056;314;64.0;875.0;36.1;;2.5;24.3;741.9;583.4;1244532.0;23597.0;40.9;14011.0;28022.0;33423.0;2130.0;6.7;1737.0;3195.0;3474.0;;;;;;7159.0;82171975.0;27027;17.9
W;40x331;1036;309;54.1;875.0;31.0;;2.9;28.2;629.7;492.6;1028092.0;19828.0;40.4;11717.0;23434.0;26889.0;1737.0;6.5;1409.0;2606.0;2819.0;;;;;;4412.0;64985680.0;23166;32.8
W;40x278;1020;304;46.0;875.0;25.9;;3.3;33.8;527.7;413.7;853274.0;16715.0;40.1;9750.0;19501.0;21686.0;1427.0;6.4;1147.0;2141.0;2294.0;;;;;;2693.0;51558886.0;19719;61.2
W;40x264;1016;303;43.9;875.0;24.4;;3.5;35.9;500.6;392.9;807489.0;15912.0;40.1;9259.0;18517.0;20520.0;1354.0;6.4;1082.0;2030.0;2163.0;;;;;;2335.0;48604992.0;18754;73.8
W;40x235;1008;302;40.0;875.0;21.1;;3.8;41.5;444.5;349.7;724243.0;14322.0;40.4;8275.0;16551.0;18481.0;1222.0;6.5;967.0;1834.0;1934.0;;;;;;1719.0;43234275.0;16754;112
W;40X211;1000;300;35.9;875.0;19.1;;4.2;45.9;400.0;314.0;645159.0;12864.0;40.1;7415.0;14830.0;16233.0;1083.0;6.4;860.0;1625.0;1721.0;;;;;;1265.0;37595021.0;15168;166
W;40x183;990;300;31.0;875.0;16.5;;4.8;53.0;346.5;272.3;553588.0;11176.0;39.9;6399.0;12798.0;13985.0;932.0;6.4;734.0;1399.0;1468.0;;;;;;815.8;31955768.0;13100;288
W;40x167;980;300;26.0;875.0;16.5;;5.8;53.0;316.8;248.5;482828.0;9816.0;38.9;5670.0;11340.0;11779.0;785.0;6.1;623.0;1177.0;1245.0;;;;;;582.7;26665612.0;12066;431
W;40x149;970;300;21.1;875.0;16.0;;7.1;54.7;282.6;221.7;407074.0;8390.0;37.9;4892.0;9783.0;9532.0;636.0;5.8;510.0;954.0;1019.0;;;;;;399.6;21375455.0;11101;661
W;36x848;1078;461;115.0;799.0;64.0;;2.0;12.5;1606.0;1262.0;2805400.0;51947.0;41.7;31381.0;62762.0;189385.0;8210.0;10.9;6547.0;12315.0;13093.0;;;;;;52861.0;435028104.0;48953;1.49
W;36x798;1066;457;109.0;799.0;60.5;;2.1;13.2;1510.0;1188.0;2605609.0;48833.0;41.7;29251.0;58502.0;174817.0;7653.0;10.8;6088.0;11479.0;12176.0;;;;;;44537.0;397433082.0;46333;1.83
W;36x650;1028;446;89.9;799.0;50.0;;2.5;16.0;1226.0;967.3;2035372.0;39657.0;40.6;23270.0;46539.0;134443.0;6014.0;10.5;4752.0;9021.0;9504.0;;;;;;24974.0;292704095.0;38542;3.68
W;36x527;996;437;73.9;799.0;40.9;;3.0;19.5;993.5;784.3;1594166.0;31955.0;40.1;18599.0;37199.0;103642.0;4736.0;10.2;3720.0;7104.0;7440.0;;;;;;13736.0;219125267.0;31923;7.68
W;36x439;972;431;62.0;799.0;34.5;;3.5;23.1;825.8;653.3;1290317.0;26547.0;39.6;15240.0;30480.0;82830.0;3851.0;10.0;3007.0;5776.0;6014.0;;;;;;8117.0;171057347.0;26890;14.8
W;36x393;960;427;55.9;799.0;31.0;;3.8;25.8;741.9;584.8;1144636.0;23761.0;39.4;13601.0;27203.0;72840.0;3409.0;9.9;2663.0;5113.0;5326.0;;;;;;5952.0;148768870.0;24407;21.9
W;36x359;950;425;51.1;799.0;28.4;;4.2;28.1;677.4;534.3;1032254.0;21631.0;39.1;12372.0;24744.0;65348.0;3081.0;9.8;2393.0;4621.0;4785.0;;;;;;4537.0;132388182.0;22339;30.9
W;36x328;942;422;47.0;799.0;25.9;;4.5;30.8;621.9;488.1;936521.0;19828.0;38.9;11307.0;22614.0;59105.0;2802.0;9.8;2171.0;4203.0;4343.0;;;;;;3517.0;118424317.0;20546;42.9
W;36x300;933;423;42.7;799.0;24.0;;5.0;33.3;569.7;446.4;844950.0;18190.0;38.6;10324.0;20648.0;54110.0;2556.0;9.7;1975.0;3835.0;3949.0;;;;;;2672.0;106877275.0;18754;61.6
W;36x280;928;422;39.9;799.0;22.5;;5.3;35.5;531.6;416.7;786677.0;16879.0;38.4;9586.0;19173.0;49948.0;2360.0;9.7;1827.0;3540.0;3654.0;;;;;;2189.0;98284127.0;17651;78.5
W;36x260;921;420;36.6;799.0;21.3;;5.8;37.4;493.5;386.9;720080.0;15617.0;38.1;8849.0;17698.0;45369.0;2163.0;9.6;1671.0;3245.0;3343.0;;;;;;1727.0;88616836.0;16341;107
W;36x245;916;419;34.3;799.0;20.3;;6.1;39.3;465.2;364.6;670133.0;14666.0;38.1;8275.0;16551.0;42039.0;2016.0;9.5;1557.0;3023.0;3114.0;;;;;;1440.0;82171975.0;15375;135
W;36x230;912;418;32.0;799.0;19.3;;6.5;41.4;436.1;342.3;624347.0;13716.0;37.9;7727.0;15453.0;39126.0;1868.0;9.5;1442.0;2802.0;2884.0;;;;;;1190.0;75727114.0;14479;172
W;36x256;951;310;43.9;816.0;24.4;;3.5;33.5;486.5;381.0;699269.0;14666.0;37.9;8521.0;17043.0;21977.0;1417.0;6.7;1123.0;2126.0;2245.0;;;;;;2219.0;45114026.0;19581;60.4
W;36x232;943;308;39.9;816.0;22.1;;3.9;36.9;439.4;345.3;624347.0;13257.0;37.6;7669.0;15338.0;19480.0;1265.0;6.7;1000.0;1898.0;1999.0;;;;;;1657.0;39743308.0;17788;87.5
W;36x210;932;309;34.5;816.0;21.1;;4.5;38.7;398.7;312.5;549425.0;11782.0;37.1;6825.0;13650.0;17107.0;1106.0;6.6;877.0;1659.0;1753.0;;;;;;1165.0;34372591.0;15996;138
W;36x194;927;308;32.0;816.0;19.4;;4.8;42.0;367.7;288.7;503640.0;10881.0;37.1;6284.0;12569.0;15609.0;1014.0;6.5;801.0;1522.0;1601.0;;;;;;924.0;31150161.0;14755;186
W;36x182;923;307;30.0;816.0;18.4;;5.1;44.3;345.8;270.8;470342.0;10209.0;36.8;5883.0;11766.0;14443.0;944.0;6.5;743.0;1416.0;1486.0;;;;;;766.0;28733338.0;13927;238
W;36x170;919;306;27.9;816.0;17.3;;5.5;47.2;322.6;253.0;437043.0;9504.0;36.8;5473.0;10947.0;13319.0;872.0;6.4;687.0;1308.0;1373.0;;;;;;629.0;26450783.0;13100;305
W;36x150;911;304;23.9;816.0;15.9;;6.4;51.4;285.2;223.2;376273.0;8259.0;36.3;4760.0;9521.0;11238.0;739.0;6.3;581.0;1109.0;1162.0;;;;;;420.0;22073648.0;11583;509
W;36x135;903;304;20.1;816.0;15.2;;7.6;53.5;256.1;200.9;324661.0;7194.0;35.6;4171.0;8341.0;9365.0;618.0;6.1;489.0;927.0;978.0;;;;;;291.0;18287293.0;10480;799
W;33x354;903;409;53.1;756.0;29.5;;3.9;25.6;671.0;526.8;911547.0;20156.0;36.8;11635.0;23270.0;60770.0;2966.0;9.5;2311.0;4449.0;4621.0;;;;;;4787.0;109562634.0;24407;21.7
W;33x318;893;406;48.0;756.0;26.4;;4.2;28.6;603.2;473.2;811651.0;18190.0;36.6;10406.0;20812.0;53694.0;2638.0;9.4;2048.0;3957.0;4097.0;;;;;;3513.0;95867304.0;22063;32.2
W;33x291;885;404;43.9;756.0;24.4;;4.6;31.0;552.3;433.1;736730.0;16551.0;36.6;9423.0;18845.0;48283.0;2393.0;9.4;1852.0;3589.0;3703.0;;;;;;2706.0;85662941.0;20271;44.8
W;33x263;877;401;39.9;756.0;22.1;;5.0;34.2;499.4;391.4;657646.0;15027.0;36.3;8521.0;17043.0;42872.0;2147.0;9.3;1655.0;3220.0;3310.0;;;;;;2019.0;75458578.0;18409;65.2
W;33x241;868;403;35.6;756.0;21.1;;5.7;35.8;457.4;358.6;591049.0;13585.0;35.8;7694.0;15387.0;38793.0;1934.0;9.2;1491.0;2901.0;2982.0;;;;;;1490.0;67133967.0;16754;96.6
W;33x221;862;401;32.4;756.0;19.7;;6.2;38.4;419.4;328.9;532776.0;12405.0;35.8;7005.0;14011.0;34963.0;1737.0;9.1;1344.0;2606.0;2687.0;;;;;;1145.0;60152034.0;15444;135
W;33x201;855;400;29.2;756.0;18.2;;6.9;41.6;381.3;299.1;478666.0;11209.0;35.6;6325.0;12651.0;31176.0;1560.0;9.0;1204.0;2340.0;2409.0;;;;;;853.0;53170102.0;14065;198
W;33x169;859;292;31.0;756.0;17.0;;4.7;44.4;319.4;251.5;386679.0;8996.0;34.8;5154.0;10307.0;12903.0;883.0;6.4;692.0;1325.0;1383.0;;;;;;737.0;22127355.0;14893;171
W;33x152;851;294;26.8;756.0;16.1;;5.5;46.9;288.4;226.2;339645.0;7981.0;34.3;4580.0;9160.0;11363.0;773.0;6.3;606.0;1160.0;1211.0;;;;;;516.0;19254022.0;13376;271
W;33x141;846;293;24.4;756.0;15.4;;6.0;49.2;268.4;209.8;310092.0;7341.0;34.0;4211.0;8423.0;10239.0;700.0;6.2;548.0;1050.0;1096.0;;;;;;404.0;17293710.0;12411;374
W;33x130;840;292;21.7;756.0;14.7;;6.7;51.3;247.1;193.5;279291.0;6653.0;33.5;3826.0;7653.0;9074.0;621.0;6.1;488.0;932.0;975.0;;;;;;307.0;15199130.0;11445;528
W;33x118;835;292;18.8;756.0;14.0;;7.8;54.1;223.9;175.6;245577.0;5883.0;33.0;3400.0;6801.0;7784.0;534.0;5.9;420.0;801.0;841.0;;;;;;221.0;12970282.0;10411;793
W;30x477;869;403;74.9;679.0;41.4;;2.7;16.4;903.2;709.9;1086364.0;25072.0;34.8;14666.0;29333.0;81998.0;4080.0;9.5;3195.0;6121.0;6391.0;;;;;;12778.0;128897216.0;37370;4.06
W;30x391;843;396;62.0;679.0;34.5;;3.2;19.7;735.5;581.9;861599.0;20484.0;34.3;11717.0;23434.0;64516.0;3245.0;9.4;2540.0;4867.0;5080.0;;;;;;7242.0;97747055.0;31095;8.12
W;30x326;823;390;52.1;679.0;29.0;;3.8;23.5;617.4;485.1;699269.0;16879.0;33.5;9750.0;19501.0;51613.0;2655.0;9.2;2065.0;3982.0;4130.0;;;;;;4287.0;76801258.0;26614;15.5
W;30x292;813;387;47.0;679.0;25.9;;4.1;26.2;552.9;434.5;620185.0;15207.0;33.5;8685.0;17370.0;45785.0;2360.0;9.1;1827.0;3540.0;3654.0;;;;;;3118.0;66865431.0;23856;23.3
W;30x261;803;385;41.9;679.0;23.6;;4.6;28.8;494.8;388.4;545263.0;13552.0;33.3;7710.0;15420.0;39917.0;2081.0;9.0;1606.0;3122.0;3212.0;;;;;;2239.0;57735211.0;21443;35.6
W;30x235;795;382;38.1;679.0;21.1;;5.0;32.2;445.2;349.7;486991.0;12225.0;33.0;6924.0;13847.0;35588.0;1868.0;8.9;1434.0;2802.0;2868.0;;;;;;1665.0;51021815.0;19443;51.7
W;30x211;786;384;33.4;679.0;19.7;;5.7;34.5;400.0;314.0;428718.0;10865.0;32.8;6137.0;12274.0;31509.0;1639.0;8.9;1262.0;2458.0;2524.0;;;;;;1161.0;44576954.0;17306;83.1
W;30x191;779;382;30.1;679.0;18.0;;6.4;37.7;361.9;284.2;381684.0;9799.0;32.5;5514.0;11028.0;28012.0;1467.0;8.8;1131.0;2200.0;2261.0;;;;;;857.0;39206237.0;15720;123
W;30x173;773;381;27.1;679.0;16.6;;7.0;40.8;327.7;257.5;341310.0;8833.0;32.3;4957.0;9914.0;24891.0;1308.0;8.7;1008.0;1962.0;2016.0;;;;;;637.0;34641127.0;14272;180
W;30x148;779;266;30.0;679.0;16.5;;4.4;41.2;280.6;220.2;278043.0;7145.0;31.5;4097.0;8194.0;9448.0;710.0;5.8;557.0;1064.0;1114.0;;;;;;608.0;13265672.0;15927;130
W;30x132;770;268;25.4;679.0;15.6;;5.3;43.5;251.0;196.4;240166.0;6227.0;31.0;3581.0;7161.0;8158.0;610.0;5.7;479.0;914.0;957.0;;;;;;405.0;11305360.0;14134;221
W;30x124;766;267;23.6;679.0;14.9;;5.7;45.7;235.5;184.5;223100.0;5817.0;30.7;3343.0;6686.0;7534.0;564.0;5.7;442.0;846.0;885.0;;;;;;333.0;10365484.0;13307;284
W;30x116;762;267;21.6;679.0;14.4;;6.2;47.3;220.6;172.6;205202.0;5391.0;30.5;3097.0;6194.0;6826.0;513.0;5.6;403.0;769.0;806.0;;;;;;268.0;9371902.0;12411;372
W;30x108;758;266;19.3;679.0;13.8;;6.9;49.1;204.5;160.7;186055.0;4900.0;30.2;2835.0;5670.0;6077.0;457.0;5.5;360.0;686.0;719.0;;;;;;208.0;8297758.0;11583;509
W;30x99;753;265;17.0;679.0;13.2;;7.8;51.4;187.7;147.3;166076.0;4408.0;29.7;2556.0;5113.0;5328.0;401.0;5.3;316.0;602.0;633.0;;;;;;157.0;7196761.0;10756;717
W;30x90;750;264;15.5;679.0;11.9;;8.5;56.9;170.3;133.9;150676.0;4015.0;29.7;2319.0;4638.0;4787.0;362.0;5.3;284.0;543.0;569.0;;;;;;122.0;6444861.0;9860;989
W;27X539;826;387;89.9;610.0;50.0;;2.2;12.2;1019.0;802.1;1061390.0;25728.0;32.3;15404.0;30808.0;87825.0;4539.0;9.3;3581.0;6809.0;7161.0;;;;;;20770.0;118155781.0;49366;1.39
W;27x448;798;379;75.9;610.0;41.9;;2.5;14.5;845.2;666.7;849112.0;21303.0;31.8;12536.0;25072.0;69511.0;3671.0;9.1;2876.0;5506.0;5752.0;;;;;;12362.0;90228051.0;41851;2.59
W;27x368;772;372;63.0;610.0;35.1;;3.0;17.4;696.8;547.6;670133.0;17370.0;31.0;10160.0;20320.0;54526.0;2933.0;8.8;2286.0;4400.0;4572.0;;;;;;7034.0;68208110.0;35163;5.11
W;27x307;752;367;53.1;610.0;29.5;;3.5;20.7;581.9;456.9;545263.0;14486.0;30.5;8357.0;16715.0;43704.0;2393.0;8.7;1860.0;3589.0;3720.0;;;;;;4204.0;53438637.0;29785;9.74
W;27x258;736;362;45.0;610.0;24.9;;4.0;24.5;488.4;383.9;449530.0;12159.0;30.2;6965.0;13929.0;35754.0;1966.0;8.6;1532.0;2950.0;3064.0;;;;;;2539.0;42697203.0;25304;18.4
W;27x235;728;360;40.9;610.0;23.1;;4.4;26.4;445.8;349.7;402080.0;11045.0;30.0;6301.0;12602.0;31967.0;1770.0;8.5;1377.0;2655.0;2753.0;;;;;;1927.0;37595021.0;23166;25.9
W;27x217;722;359;38.1;610.0;21.1;;4.7;28.9;411.6;322.9;369197.0;10226.0;30.0;5801.0;11602.0;29303.0;1635.0;8.4;1262.0;2453.0;2524.0;;;;;;1540.0;34372591.0;21512;34.5
W;27x194;714;356;34.0;610.0;19.1;;5.2;32.0;367.7;288.7;325493.0;9111.0;29.7;5146.0;10291.0;25723.0;1444.0;8.4;1114.0;2166.0;2229.0;;;;;;1103.0;29807481.0;19305;53
W;27x178;706;358;30.2;610.0;18.4;;5.9;33.1;337.4;264.9;290946.0;8226.0;29.5;4646.0;9291.0;23101.0;1291.0;8.3;1000.0;1937.0;1999.0;;;;;;812.0;26397076.0;17582;78.7
W;27x161;701;356;27.4;610.0;16.8;;6.5;36.4;305.8;239.6;261393.0;7456.0;29.2;4195.0;8390.0;20687.0;1162.0;8.2;893.0;1743.0;1786.0;;;;;;612.0;23443181.0;15996;113
W;27x146;695;355;24.8;610.0;15.4;;7.2;39.7;276.8;217.3;234338.0;6735.0;29.0;3777.0;7554.0;18439.0;1041.0;8.2;799.0;1561.0;1598.0;;;;;;454.0;20730969.0;14548;166
W;27x129;702;254;27.9;610.0;15.5;;4.6;39.3;243.9;192.0;198126.0;5654.0;28.5;3236.0;6473.0;7659.0;603.0;5.6;472.0;905.0;944.0;;;;;;466.0;8727416.0;16478;112
W;27x114;693;256;23.6;610.0;14.5;;5.4;42.1;216.1;169.7;170239.0;4900.0;27.9;2810.0;5621.0;6618.0;516.0;5.5;404.0;774.0;808.0;;;;;;305.0;7411590.0;14479;194
W;27x102;688;254;21.1;610.0;13.1;;6.0;46.6;193.5;151.8;150676.0;4375.0;27.9;2499.0;4998.0;5786.0;456.0;5.5;356.0;683.0;711.0;;;;;;220.0;6444861.0;13031;295
W;27x94;684;254;18.9;610.0;12.4;;6.7;49.0;178.7;139.9;136108.0;3982.0;27.7;2278.0;4556.0;5161.0;406.0;5.4;318.0;610.0;636.0;;;;;;168.0;5719814.0;11997;419
W;27x84;678;253;16.3;610.0;11.7;;7.8;52.2;160.0;125.0;118626.0;3490.0;27.2;1999.0;3998.0;4412.0;347.0;5.3;272.0;521.0;544.0;;;;;;117.0;4806792.0;10825;654
W;24x492;753;359;89.9;533.0;50.0;;2.0;10.7;929.0;732.2;795002.0;21139.0;29.2;12700.0;25400.0;69511.0;3884.0;8.7;3073.0;5826.0;6145.0;;;;;;18980.0;75995650.0;54813;0.9
W;24x408;725;351;75.9;533.0;41.9;;2.3;12.7;767.7;607.2;628509.0;17370.0;28.7;10242.0;20484.0;54943.0;3130.0;8.5;2458.0;4695.0;4916.0;;;;;;11280.0;57466675.0;46746;1.66
W;24x335;699;343;63.0;533.0;35.1;;2.7;15.2;634.8;498.5;495315.0;14158.0;27.9;8357.0;16715.0;42872.0;2491.0;8.2;1950.0;3736.0;3900.0;;;;;;6410.0;42965739.0;39300;3.28
W;24x279;679;338;53.1;533.0;29.5;;3.2;18.1;529.0;415.2;399582.0;11766.0;27.4;6842.0;13683.0;34256.0;2032.0;8.1;1581.0;3048.0;3163.0;;;;;;3817.0;33566983.0;33371;6.25
W;24x250;669;335;48.0;533.0;26.4;;3.5;20.2;474.2;372.0;353380.0;10553.0;27.2;6096.0;12192.0;30135.0;1803.0;8.0;1401.0;2704.0;2802.0;;;;;;2801.0;29001874.0;30130;9.17
W;24x229;661;333;43.9;533.0;24.4;;3.8;21.9;433.5;340.8;318417.0;9636.0;27.2;5539.0;11078.0;27097.0;1629.0;7.9;1262.0;2443.0;2524.0;;;;;;2156.0;25725736.0;27717;12.7
W;24x207;653;330;39.9;533.0;22.1;;4.1;24.1;391.6;308.0;283870.0;8702.0;26.9;4965.0;9931.0;24058.0;1455.0;7.8;1123.0;2183.0;2245.0;;;;;;1607.0;22530159.0;25166;18.4
W;24x192;647;329;37.1;533.0;20.6;;4.4;25.9;363.2;285.7;260561.0;8046.0;26.7;4580.0;9160.0;22060.0;1340.0;7.8;1032.0;2011.0;2065.0;;;;;;1290.0;20462433.0;23511;24.2
W;24x176;641;327;34.0;533.0;19.1;;4.8;28.0;333.5;261.9;236419.0;7374.0;26.7;4187.0;8374.0;19937.0;1218.0;7.7;942.0;1826.0;1885.0;;;;;;1003.0;18367853.0;21650;33.4
W;24x162;635;329;31.0;533.0;17.9;;5.3;29.8;307.7;241.0;215192.0;6784.0;26.4;3835.0;7669.0;18439.0;1121.0;7.8;860.0;1681.0;1721.0;;;;;;770.0;16810345.0;19788;47.5
W;24x146;628;328;27.7;533.0;16.5;;5.9;32.3;277.4;217.0;190634.0;6080.0;26.2;3425.0;6850.0;16275.0;991.0;7.7;764.0;1487.0;1527.0;;;;;;558.0;14662058.0;17857;71.9
W;24x131;622;327;24.4;533.0;15.4;;6.7;34.7;248.4;194.9;167325.0;5391.0;25.9;3032.0;6063.0;14152.0;869.0;7.5;668.0;1303.0;1336.0;;;;;;395.0;12648039.0;16065;111
W;24x117;616;325;21.6;533.0;14.0;;7.5;38.2;221.9;174.1;147346.0;4769.0;25.7;2679.0;5359.0;12362.0;762.0;7.5;585.0;1143.0;1170.0;;;;;;280.0;10956263.0;14410;172
W;24x104;611;324;19.1;533.0;12.7;;8.5;42.0;197.4;154.8;129032.0;4228.0;25.7;2368.0;4736.0;10780.0;667.0;7.4;511.0;1000.0;1023.0;;;;;;196.0;9452463.0;12824;271
W;24x103;623;229;24.9;533.0;14.0;;4.6;38.2;195.5;153.3;124869.0;4015.0;25.3;2294.0;4588.0;4953.0;434.0;5.1;340.0;651.0;680.0;;;;;;296.0;4457695.0;16547;111
W;24x94;617;230;22.2;533.0;13.1;;5.2;40.8;178.7;139.9;112382.0;3638.0;25.1;2081.0;4162.0;4537.0;393.0;5.0;307.0;590.0;615.0;;;;;;219.0;4028038.0;15031;164
W;24x84;612;229;19.6;533.0;11.9;;5.9;44.7;159.4;125.0;98647.0;3212.0;24.9;1835.0;3671.0;3929.0;342.0;5.0;267.0;514.0;534.0;;;;;;154.0;3437259.0;13445;257
W;24x76;608;228;17.3;533.0;11.2;;6.6;47.7;144.5;113.1;87409.0;2884.0;24.6;1639.0;3277.0;3434.0;302.0;4.9;234.0;452.0;469.0;;;;;;112.0;2980748.0;12135;391
W;24x68;603;228;14.9;533.0;10.5;;7.7;50.6;129.7;101.2;76170.0;2524.0;24.3;1450.0;2901.0;2930.0;257.0;4.8;201.0;386.0;401.0;;;;;;77.8;2532293.0;10963;610
W;24x62;603;179;15.0;533.0;10.9;;6.0;48.8;117.4;92.3;64516.0;2147.0;23.4;1254.0;2507.0;1436.0;161.0;3.5;129.0;241.0;257.0;;;;;;71.2;1240636.0;11721;528
W;24x55;599;178;12.8;533.0;10.0;;6.9;53.2;104.5;81.8;56191.0;1868.0;23.1;1098.0;2196.0;1211.0;136.0;3.4;109.0;204.0;218.0;;;;;;49.1;1039234.0;10618;833
W;21x201;585;319;41.4;464.0;23.1;;3.9;20.1;381.9;299.1;221019.0;7554.0;24.1;4343.0;8685.0;22560.0;1411.0;7.7;1090.0;2116.0;2179.0;;;;;;1719.0;16595517.0;29579;9.5
W;21x182;577;318;37.6;464.0;21.1;;4.2;22.0;345.8;270.8;196877.0;6833.0;23.9;3900.0;7800.0;20104.0;1265.0;7.6;975.0;1898.0;1950.0;;;;;;1294.0;14581498.0;26959;13.7
W;21x166;571;315;34.5;464.0;19.1;;4.6;24.3;314.8;247.0;178147.0;6227.0;23.8;3540.0;7079.0;18106.0;1149.0;7.6;885.0;1723.0;1770.0;;;;;;995.0;13023990.0;24752;19
W;21x147;560;318;29.2;464.0;18.3;;5.4;25.3;278.7;218.8;151092.0;5391.0;23.3;3056.0;6112.0;15650.0;985.0;7.5;759.0;1477.0;1517.0;;;;;;641.0;11036824.0;21650;33.4
W;21x132;554;316;26.3;464.0;16.5;;6.0;28.1;250.3;196.4;134027.0;4834.0;23.2;2728.0;5457.0;13861.0;877.0;7.4;674.0;1315.0;1349.0;;;;;;470.0;9667291.0;19581;49.4
W;21x122;551;315;24.4;464.0;15.2;;6.5;30.4;231.6;181.6;123205.0;4474.0;23.1;2515.0;5031.0;12695.0;806.0;7.4;619.0;1209.0;1239.0;;;;;;374.0;8781123.0;18133;66.5
W;21x111;546;313;22.2;464.0;14.0;;7.1;33.2;211.0;165.2;111134.0;4080.0;23.0;2286.0;4572.0;11405.0;729.0;7.4;559.0;1094.0;1118.0;;;;;;284.0;7841247.0;16547;94.9
W;21x101;543;312;20.3;464.0;12.7;;7.7;36.5;192.3;150.3;100728.0;3720.0;22.9;2073.0;4146.0;10323.0;660.0;7.3;506.0;991.0;1011.0;;;;;;217.0;7035640.0;15168;135
W;21x93;549;214;23.6;464.0;14.7;;4.5;31.5;176.1;138.4;86160.0;3146.0;22.1;1811.0;3622.0;3867.0;362.0;4.7;284.0;543.0;569.0;;;;;;251.0;2669247.0;18478;72.8
W;21x83;544;212;21.2;464.0;13.1;;5.0;35.4;156.8;123.5;76170.0;2802.0;22.0;1606.0;3212.0;3388.0;320.0;4.7;250.0;479.0;500.0;;;;;;181.0;2317465.0;16547;110
W;21x73;539;211;18.8;464.0;11.6;;5.6;40.1;138.7;108.6;66597.0;2474.0;22.0;1409.0;2819.0;2939.0;279.0;4.6;218.0;418.0;436.0;;;;;;126.0;1989851.0;14755;176
W;21x68;537;210;17.4;464.0;10.9;;6.0;42.4;129.0;101.2;61602.0;2294.0;21.8;1311.0;2622.0;2693.0;257.0;4.6;200.0;386.0;400.0;;;;;;102.0;1815302.0;13790;229
W;21x62;533;209;15.6;464.0;10.2;;6.7;45.6;118.1;92.3;55359.0;2081.0;21.7;1180.0;2360.0;2393.0;228.0;4.5;178.0;342.0;356.0;;;;;;76.2;1600474.0;12548;334
W;21x57;535;166;16.5;464.0;10.3;;5.0;45.1;107.7;84.8;48699.0;1819.0;21.2;1057.0;2114.0;1274.0;153.0;3.4;121.0;230.0;243.0;;;;;;73.7;856629.0;13514;276
W;21x50;529;166;13.6;464.0;9.7;;6.1;48.0;94.8;74.4;40957.0;1549.0;20.8;901.0;1803.0;1036.0;125.0;3.3;100.0;188.0;200.0;;;;;;47.5;690137.0;11928;475
W;21x44;525;165;11.4;464.0;8.9;;7.2;52.1;83.9;65.5;35088.0;1337.0;20.5;782.0;1563.0;862.0;104.0;3.2;84.0;156.0;167.0;;;;;;32.0;566611.0;10687;770
W;18x311;567;305;69.6;394.0;38.6;;2.2;10.2;590.3;462.8;289697.0;10226.0;22.2;6170.0;12339.0;33090.0;2163.0;7.5;1696.0;3245.0;3392.0;;;;;;7367.0;20328165.0;56261;0.8
W;18x283;555;302;63.5;394.0;35.6;;2.4;11.1;536.8;421.2;256399.0;9242.0;21.9;5539.0;11078.0;29303.0;1934.0;7.4;1516.0;2901.0;3032.0;;;;;;5619.0;17615953.0;51849;1.09
W;18x258;545;299;58.4;394.0;32.5;;2.6;12.1;489.7;383.9;229344.0;8423.0;21.7;5006.0;10012.0;26139.0;1753.0;7.3;1360.0;2630.0;2720.0;;;;;;4329.0;15413959.0;47712;1.49
W;18x234;535;296;53.6;394.0;29.5;;2.8;13.4;443.9;348.2;203953.0;7636.0;21.4;4498.0;8996.0;23226.0;1570.0;7.2;1221.0;2355.0;2442.0;;;;;;3317.0;13399940.0;43851;2.04
W;18x211;525;293;48.5;394.0;26.9;;3.0;14.6;400.6;314.0;180228.0;6866.0;21.2;4015.0;8030.0;20520.0;1398.0;7.2;1082.0;2097.0;2163.0;;;;;;2468.0;11600749.0;39990;2.95
W;18x192;517;291;44.5;394.0;24.4;;3.3;16.1;363.9;285.7;161082.0;6227.0;21.0;3622.0;7243.0;18314.0;1259.0;7.1;975.0;1888.0;1950.0;;;;;;1881.0;10177509.0;36680;4.08
W;18x175;509;289;40.4;394.0;22.6;;3.6;17.4;331.0;260.4;143600.0;5637.0;20.8;3261.0;6522.0;16275.0;1127.0;7.0;869.0;1691.0;1737.0;;;;;;1424.0;8915391.0;33577;5.76
W;18x158;501;287;36.6;394.0;20.6;;3.9;19.1;298.7;235.1;127367.0;5080.0;20.6;2917.0;5834.0;14443.0;1006.0;7.0;777.0;1509.0;1553.0;;;;;;1057.0;7760687.0;30544;8.33
W;18x143;495;285;33.5;394.0;18.5;;4.3;21.2;271.6;212.8;114464.0;4621.0;20.6;2638.0;5277.0;12945.0;909.0;6.9;700.0;1364.0;1399.0;;;;;;807.0;6901372.0;27993;11.7
W;18x130;489;283;30.5;394.0;17.0;;4.7;23.1;246.5;193.0;102393.0;4195.0;20.4;2384.0;4769.0;11571.0;818.0;6.9;628.0;1227.0;1257.0;;;;;;612.0;6095764.0;25580;16.6
W;18x119;482;286;26.9;394.0;16.6;;5.3;23.7;226.5;177.0;91155.0;3785.0;20.1;2139.0;4277.0;10531.0;736.0;6.8;566.0;1104.0;1132.0;;;;;;441.0;5451278.0;23028;25.5
W;18x106;476;284;23.9;394.0;15.0;;6.0;26.3;200.6;157.7;79500.0;3343.0;19.9;1885.0;3769.0;9157.0;646.0;6.8;496.0;968.0;991.0;;;;;;311.0;4672524.0;20615;39.5
W;18x97;472;283;22.1;394.0;13.6;;6.4;29.0;183.9;144.4;72840.0;3081.0;19.9;1729.0;3458.0;8366.0;592.0;6.7;453.0;887.0;906.0;;;;;;244.0;4242867.0;18961;54.3
W;18x86;467;282;19.6;394.0;12.2;;7.2;32.3;163.2;128.0;63683.0;2720.0;19.7;1524.0;3048.0;7284.0;518.0;6.7;397.0;777.0;793.0;;;;;;171.0;3652088.0;16961;85.4
W;18x76;463;280;17.3;394.0;10.8;;8.1;36.5;143.9;113.1;55359.0;2393.0;19.6;1336.0;2671.0;6327.0;452.0;6.6;346.0;678.0;692.0;;;;;;118.0;3141870.0;15031;137
W;18x71;469;194;20.6;394.0;12.6;;4.7;31.3;134.2;105.7;48699.0;2081.0;19.1;1188.0;2376.0;2510.0;259.0;4.3;202.0;388.0;405.0;;;;;;145.0;1262119.0;18478;69.6
W;18x65;466;193;19.1;394.0;11.4;;5.1;34.4;123.2;96.7;44537.0;1917.0;19.0;1090.0;2179.0;2281.0;236.0;4.3;184.0;354.0;369.0;;;;;;114.0;1138592.0;17030;95.5
W;18x60;463;192;17.7;394.0;10.5;;5.4;37.3;113.5;89.3;40957.0;1770.0;19.0;1008.0;2016.0;2085.0;218.0;4.3;169.0;327.0;338.0;;;;;;90.3;1033863.0;15789;128
W;18x55;460;191;16.0;394.0;9.9;;6.0;39.7;104.5;81.8;37045.0;1611.0;18.8;918.0;1835.0;1869.0;195.0;4.2;152.0;293.0;303.0;;;;;;69.1;921078.0;14548;180
W;18x50;457;190;14.5;394.0;9.0;;6.6;43.7;94.8;74.4;33299.0;1457.0;18.8;828.0;1655.0;1669.0;175.0;4.2;136.0;263.0;272.0;;;;;;51.6;816349.0;13238;261
W;18x46;459;154;15.4;394.0;9.1;;5.0;43.1;87.1;68.5;29636.0;1291.0;18.4;743.0;1486.0;937.0;122.0;3.3;95.9;183.0;192.0;;;;;;50.8;459196.0;14203;212
W;18x40;455;153;13.3;394.0;8.0;;5.7;49.2;76.1;59.5;25473.0;1121.0;18.3;642.0;1285.0;795.0;104.0;3.2;81.5;156.0;163.0;;;;;;33.7;386692.0;12480;362
W;18x35;450;152;10.8;394.0;7.6;;7.1;51.7;66.5;52.1;21228.0;944.0;17.9;545.0;1090.0;637.0;84.0;3.1;66.0;126.0;132.0;;;;;;21.2;306131.0;10963;637
W;16x100;431;265;25.0;346.0;14.9;;5.3;23.3;189.7;148.8;62018.0;2868.0;18.0;1622.0;3245.0;7742.0;585.0;6.4;450.0;878.0;900.0;;;;;;322.0;3195577.0;23787;21.9
W;16x89;425;263;22.2;346.0;13.3;;5.9;26.0;169.0;132.4;54110.0;2540.0;17.9;1434.0;2868.0;6785.0;515.0;6.3;394.0;772.0;788.0;;;;;;227.0;2739066.0;21305;34.3
W;16x77;420;261;19.3;346.0;11.6;;6.8;29.9;145.8;114.6;46202.0;2196.0;17.8;1229.0;2458.0;5744.0;441.0;6.3;337.0;661.0;674.0;;;;;;149.0;2306723.0;18478;58.7
W;16x67;415;260;16.9;346.0;10.0;;7.7;34.5;127.1;99.7;39708.0;1917.0;17.7;1065.0;2130.0;4953.0;380.0;6.3;291.0;570.0;582.0;;;;;;99.5;1960312.0;16203;98.7
W;16x57;417;181;18.2;346.0;10.9;;5.0;31.7;108.4;84.8;31550.0;1511.0;17.1;860.0;1721.0;1794.0;198.0;4.1;155.0;297.0;310.0;;;;;;92.4;714305.0;18271;71.5
W;16x50;413;180;16.0;346.0;9.7;;5.6;35.9;94.8;74.4;27430.0;1327.0;17.0;754.0;1508.0;1548.0;172.0;4.0;134.0;258.0;267.0;;;;;;63.3;609576.0;16134;116
W;16x45;410;179;14.4;346.0;8.8;;6.2;39.5;85.8;67.0;24391.0;1191.0;16.9;674.0;1349.0;1365.0;153.0;4.0;119.0;230.0;238.0;;;;;;46.2;534386.0;14617;174
W;16x40;407;178;12.8;346.0;7.8;;6.9;44.7;76.1;59.5;21561.0;1060.0;16.8;597.0;1195.0;1203.0;135.0;4.0;104.0;203.0;208.0;;;;;;32.9;464567.0;13031;271
W;16x36;403;177;10.9;346.0;7.5;;8.1;46.2;68.4;53.6;18647.0;926.0;16.5;524.0;1049.0;1020.0;115.0;3.9;88.5;172.1;177.0;;;;;;22.5;392062.0;11721;438
W;16x31;403;140;11.2;346.0;7.0;;6.3;49.5;58.8;46.1;15609.0;773.0;16.3;442.0;885.0;516.0;73.6;3.0;57.4;110.4;115.0;;;;;;19.1;198448.0;11997;421
W;16x26;399;140;8.8;346.0;6.4;;8.0;54.5;49.5;38.7;12529.0;629.0;15.9;362.0;724.0;399.0;57.2;2.8;44.9;85.8;89.8;;;;;;10.8;151723.0;10135;860
W;14x808;580;471;130.0;286.0;95.0;;1.8;3.0;1529.0;1202.0;665970.0;22942.0;20.9;15027.0;30054.0;229344.0;9734.0;12.2;7595.0;14601.0;15191.0;;;;;;77419.0;116276030.0;130311;0.03
W;14x730;569;454;124.7;286.0;78.0;;1.8;3.7;1387.0;1086.0;595211.0;20975.0;20.8;13601.0;27203.0;196461.0;8636.0;11.9;6686.0;12954.0;13372.0;;;;;;60354.0;97209984.0;120658;0.04
W;14x665;550;448;114.8;286.0;71.9;;2.0;4.0;1265.0;989.6;516127.0;18845.0;20.3;12126.0;24253.0;173569.0;7735.0;11.7;5981.0;11602.0;11963.0;;;;;;46618.0;81903439.0;112385;0.05
W;14x605;531;442;105.7;286.0;65.9;;2.1;4.3;1148.0;900.3;449530.0;17043.0;19.8;10815.0;21631.0;153173.0;6932.0;11.6;5342.0;10398.0;10684.0;;;;;;36212.0;69282254.0;104111;0.07
W;14x550;514;437;97.0;286.0;60.5;;2.3;4.7;1045.0;818.5;392506.0;15256.0;19.4;9668.0;19337.0;135275.0;6194.0;11.4;4777.0;9291.0;9554.0;;;;;;27888.0;58809355.0;97906;0.09
W;14x500;498;432;88.9;286.0;55.6;;2.4;5.1;948.4;744.1;341726.0;13732.0;19.0;8603.0;17206.0;119875.0;5555.0;11.3;4277.0;8333.0;8554.0;;;;;;21394.0;50216207.0;90321;0.12
W;14x455;483;428;81.5;286.0;51.2;;2.6;5.6;864.5;677.1;299270.0;12389.0;18.6;7669.0;15338.0;106555.0;4982.0;11.1;3835.0;7473.0;7669.0;;;;;;16441.0;42965739.0;84116;0.15
W;14x426;474;424;77.1;286.0;47.6;;2.8;6.0;806.5;634.0;274713.0;11586.0;18.4;7120.0;14240.0;98231.0;4638.0;11.0;3556.0;6956.0;7112.0;;;;;;13777.0;38669165.0;79290;0.19
W;14x398;465;421;72.3;286.0;45.0;;2.9;6.4;754.8;592.3;249739.0;10750.0;18.2;6563.0;13126.0;90322.0;4293.0;11.0;3294.0;6440.0;6588.0;;;;;;11363.0;34641127.0;75153;0.23
W;14x370;455;418;67.6;286.0;42.0;;3.1;6.8;703.2;550.6;226430.0;9947.0;18.0;6030.0;12061.0;82830.0;3949.0;10.9;3032.0;5924.0;6063.0;;;;;;9240.0;31150161.0;71016;0.29
W;14x342;446;416;62.7;286.0;39.1;;3.3;7.3;651.6;509.0;203953.0;9160.0;17.7;5506.0;11012.0;75338.0;3622.0;10.8;2769.0;5432.0;5539.0;;;;;;7409.0;27659194.0;66190;0.38
W;14x311;435;412;57.4;286.0;35.8;;3.6;8.0;589.7;462.8;180228.0;8292.0;17.5;4941.0;9881.0;67013.0;3261.0;10.7;2491.0;4892.0;4982.0;;;;;;5661.0;23926546.0;60812;0.51
W;14x283;425;409;52.6;286.0;32.8;;3.9;8.7;537.4;421.2;159833.0;7522.0;17.3;4441.0;8882.0;59937.0;2933.0;10.6;2245.0;4400.0;4490.0;;;;;;4329.0;20865237.0;55985;0.7
W;14x257;416;406;48.0;286.0;29.8;;4.2;9.6;487.7;382.5;141519.0;6801.0;17.0;3990.0;7981.0;53694.0;2638.0;10.5;2016.0;3957.0;4031.0;;;;;;3292.0;18206732.0;51435;0.97
W;14x233;407;404;43.7;286.0;27.2;;4.6;10.5;441.9;346.7;125286.0;6145.0;16.8;3572.0;7145.0;47867.0;2376.0;10.4;1811.0;3564.0;3622.0;;;;;;2477.0;15843616.0;47022;1.37
W;14x211;399;401;39.6;286.0;24.9;;5.1;11.5;400.0;314.0;110718.0;5539.0;16.6;3195.0;6391.0;42872.0;2130.0;10.3;1622.0;3195.0;3245.0;;;;;;1856.0;13829597.0;42954;1.93
W;14x193;393;399;36.6;286.0;22.6;;5.5;12.6;366.5;287.2;99896.0;5080.0;16.5;2909.0;5817.0;38751.0;1950.0;10.3;1475.0;2925.0;2950.0;;;;;;1448.0;12325796.0;39576;2.63
W;14x176;387;398;33.3;286.0;21.1;;6.0;13.6;334.2;261.9;89074.0;4605.0;16.3;2622.0;5244.0;34880.0;1753.0;10.2;1336.0;2630.0;2671.0;;;;;;1103.0;10875703.0;36404;3.64
W;14x159;380;395;30.2;286.0;18.9;;6.5;15.1;301.3;236.6;79084.0;4162.0;16.2;2352.0;4703.0;31134.0;1576.0;10.2;1196.0;2365.0;2393.0;;;;;;824.0;9559877.0;33026;5.24
W;14x145;375;394;27.7;286.0;17.3;;7.1;16.5;275.5;215.8;71176.0;3802.0;16.1;2130.0;4261.0;28179.0;1431.0;10.1;1090.0;2146.0;2179.0;;;;;;633.0;8512587.0;30337;7.32
W;14x132;372;374;26.2;286.0;16.4;;7.2;17.4;250.3;196.4;63683.0;3425.0;16.0;1917.0;3835.0;22809.0;1221.0;9.6;926.0;1831.0;1852.0;;;;;;512.0;6847665.0;28820;9
W;14x120;368;373;23.9;286.0;15.0;;7.8;19.1;227.7;178.6;57440.0;3114.0;15.9;1737.0;3474.0;20603.0;1106.0;9.5;836.0;1659.0;1671.0;;;;;;390.0;6095764.0;26407;12.6
W;14x109;364;371;21.8;286.0;13.3;;8.5;21.4;206.5;162.2;51613.0;2835.0;15.8;1573.0;3146.0;18606.0;1003.0;9.5;760.0;1504.0;1519.0;;;;;;296.0;5424425.0;24063;17.9
W;14x99;360;370;19.8;286.0;12.3;;9.3;23.2;187.7;147.3;46202.0;2573.0;15.7;1417.0;2835.0;16733.0;905.0;9.4;685.0;1357.0;1370.0;;;;;;224.0;4833646.0;21994;25.7
W;14x90;356;369;18.0;286.0;11.2;;10.2;25.6;171.0;133.9;41582.0;2343.0;15.6;1286.0;2573.0;15068.0;818.0;9.4;619.0;1227.0;1239.0;;;;;;169.0;4296574.0;19995;36.8
W;14x82;363;257;21.7;279.0;13.0;;5.9;21.6;155.5;122.0;36712.0;2016.0;15.4;1139.0;2278.0;6160.0;480.0;6.3;367.0;720.0;734.0;;;;;;211.0;1801876.0;24821;17.8
W;14x74;360;256;19.9;279.0;11.4;;6.4;24.4;140.6;110.1;33132.0;1835.0;15.3;1032.0;2065.0;5578.0;436.0;6.3;333.0;654.0;665.0;;;;;;161.0;1608530.0;22684;25
W;14x68;357;255;18.3;279.0;10.5;;7.0;26.5;129.0;101.2;30094.0;1688.0;15.3;942.0;1885.0;5036.0;397.0;6.3;302.0;595.0;605.0;;;;;;126.0;1444723.0;20822;34.7
W;14x61;353;254;16.4;279.0;9.5;;7.8;29.3;115.5;90.8;26639.0;1511.0;15.2;836.0;1671.0;4454.0;352.0;6.2;269.0;528.5;537.0;;;;;;91.6;1264804.0;18754;51.7
W;14x53;354;205;16.8;279.0;9.4;;6.1;29.7;100.6;78.9;22518.0;1275.0;15.0;714.0;1427.0;2402.0;234.0;4.9;180.0;351.5;361.0;;;;;;80.7;682081.0;19512;47.3
W;14x48;350;204;15.1;279.0;8.6;;6.8;32.4;91.0;71.4;20187.0;1152.0;14.9;642.0;1285.0;2139.0;210.0;4.9;161.0;314.6;321.0;;;;;;60.8;601520.0;17788;67.7
W;14x43;347;203;13.5;279.0;7.8;;7.5;36.1;81.3;64.0;17815.0;1027.0;14.8;570.0;1141.0;1881.0;185.0;4.8;142.0;277.8;283.0;;;;;;43.7;523645.0;15996;103
W;14x38;358;172;13.1;305.0;7.9;;6.6;38.7;72.3;56.6;16025.0;895.0;14.9;504.0;1008.0;1111.0;129.0;3.9;99.1;193.7;198.0;;;;;;33.3;330299.0;15100;144
W;14x34;355;171;11.6;305.0;7.2;;7.4;42.1;64.5;50.6;14152.0;796.0;14.8;447.0;895.0;970.0;113.0;3.9;86.9;170.0;174.0;;;;;;23.7;287333.0;13583;223
W;14x30;352;171;9.8;305.0;6.9;;8.7;44.4;57.1;44.6;12112.0;688.0;14.6;388.0;775.0;816.0;95.4;3.8;73.7;143.0;147.0;;;;;;15.8;238191.0;12066;370
W;14x26;353;128;10.7;305.0;6.5;;6.0;47.1;49.6;38.7;10198.0;578.0;14.4;329.0;659.0;371.0;58.0;2.7;45.4;87.0;90.8;;;;;;15.0;108757.0;13031;292
W;14x22;349;127;8.5;305.0;5.8;;7.5;52.2;41.9;32.7;8283.0;475.0;14.1;272.0;544.0;291.0;45.9;2.6;36.0;68.8;71.9;;;;;;8.7;84320.0;11101;574
W;12x336;427;340;75.1;241.0;45.1;;2.3;5.4;637.4;500.0;168990.0;7915.0;16.3;4941.0;9881.0;49532.0;2901.0;8.8;2245.0;4351.0;4490.0;;;;;;10114.0;15306544.0;88253;0.13
W;12x305;415;336;68.7;241.0;41.3;;2.5;5.9;578.1;453.9;147762.0;7128.0;16.0;4400.0;8800.0;43704.0;2606.0;8.7;1999.0;3908.0;3998.0;;;;;;7700.0;13050843.0;81358;0.17
W;12x279;403;334;62.7;241.0;38.9;;2.7;6.2;528.4;415.2;129448.0;6440.0;15.7;3941.0;7882.0;39001.0;2343.0;8.6;1803.0;3515.0;3605.0;;;;;;5952.0;11278506.0;75842;0.23
W;12x252;391;330;57.2;241.0;35.4;;2.9;6.8;478.1;375.0;113215.0;5785.0;15.4;3507.0;7014.0;34464.0;2081.0;8.5;1606.0;3122.0;3212.0;;;;;;4495.0;9613584.0;69637;0.31
W;12x230;382;328;52.6;241.0;32.6;;3.1;7.4;436.8;342.3;100728.0;5260.0;15.2;3163.0;6325.0;30884.0;1885.0;8.4;1450.0;2827.0;2901.0;;;;;;3488.0;8378319.0;64742;0.41
W;12x210;374;325;48.3;241.0;30.0;;3.4;8.1;398.7;312.5;89074.0;4785.0;15.0;2851.0;5703.0;27638.0;1704.0;8.3;1303.0;2556.0;2606.0;;;;;;2693.0;7304176.0;59778;0.56
W;12x190;365;322;44.1;241.0;26.9;;3.7;9.0;360.0;282.8;78668.0;4310.0;14.8;2548.0;5096.0;24516.0;1524.0;8.3;1172.0;2286.0;2343.0;;;;;;2031.0;6337446.0;54744;0.78
W;12x170;356;319;39.6;241.0;24.4;;4.0;9.9;322.6;253.0;68678.0;3851.0;14.6;2253.0;4506.0;21519.0;1349.0;8.2;1032.0;2023.0;2065.0;;;;;;1482.0;5397571.0;49573;1.14
W;12x152;348;317;35.6;241.0;22.1;;4.5;10.9;288.4;226.2;59521.0;3425.0;14.4;1991.0;3982.0;18897.0;1193.0;8.1;909.0;1789.0;1819.0;;;;;;1074.0;4618817.0;44885;1.67
W;12x136;341;315;31.8;241.0;20.1;;5.0;12.0;257.4;202.4;51613.0;3048.0;14.2;1753.0;3507.0;16566.0;1052.0;8.0;803.0;1578.0;1606.0;;;;;;770.0;3947477.0;40334;2.5
W;12x120;333;313;28.1;241.0;18.0;;5.6;13.4;227.7;178.6;44537.0;2671.0;14.0;1524.0;3048.0;14360.0;918.0;8.0;700.0;1377.0;1399.0;;;;;;537.0;3329845.0;36129;3.87
W;12x106;327;310;25.1;241.0;15.5;;6.2;15.6;201.3;157.7;38834.0;2376.0;13.9;1344.0;2687.0;12529.0;808.0;7.9;615.0;1212.0;1231.0;;;;;;380.0;2873334.0;32130;6
W;12x96;323;309;22.9;241.0;14.0;;6.8;17.3;181.9;142.9;34672.0;2147.0;13.8;1204.0;2409.0;11238.0;728.0;7.9;553.0;1091.0;1106.0;;;;;;286.0;2526923.0;29303;8.52
W;12x87;318;308;20.6;241.0;13.1;;7.5;18.4;165.2;129.5;30801.0;1934.0;13.7;1082.0;2163.0;10031.0;651.0;7.8;495.0;976.0;990.0;;;;;;212.0;2220792.0;26752;12.3
W;12x79;314;307;18.7;241.0;11.9;;8.2;20.2;149.7;117.6;27555.0;1753.0;13.6;975.0;1950.0;8991.0;587.0;7.8;445.0;880.0;890.0;;;;;;160.0;1968368.0;24339;17.6
W;12x72;311;306;17.0;241.0;10.9;;9.0;22.1;136.1;107.1;24849.0;1596.0;13.5;885.0;1770.0;8117.0;531.0;7.7;403.0;796.0;806.0;;;;;;122.0;1756225.0;22270;24.8
W;12x65;308;305;15.4;241.0;9.9;;9.9;24.4;123.2;96.7;22185.0;1440.0;13.4;793.0;1586.0;7242.0;477.0;7.7;361.0;715.0;723.0;;;;;;90.7;1552137.0;20271;36.2
W;12x58;310;254;16.3;241.0;9.1;;7.8;26.4;109.7;86.3;19771.0;1278.0;13.4;708.0;1416.0;4454.0;351.0;6.4;266.0;526.0;533.0;;;;;;87.4;958673.0;21167;30.9
W;12x53;306;254;14.6;241.0;8.8;;8.7;27.5;100.6;78.9;17690.0;1157.0;13.3;638.0;1277.0;3987.0;315.0;6.3;238.0;472.0;477.0;;;;;;65.8;848573.0;19443;44.2
W;12x50;310;205;16.3;241.0;9.4;;6.3;25.7;94.8;74.4;16400.0;1060.0;13.2;593.0;1186.0;2343.0;228.0;5.0;175.0;342.0;351.0;;;;;;74.1;504847.0;21856;29.7
W;12x45;306;204;14.6;241.0;8.5;;7.0;28.4;85.2;67.0;14568.0;952.0;13.1;530.0;1060.0;2081.0;203.0;4.9;156.0;305.0;311.0;;;;;;54.5;443084.0;19788;43.5
W;12x40;303;203;13.1;241.0;7.5;;7.8;32.2;76.1;59.5;12903.0;850.0;13.0;471.0;942.0;1836.0;180.0;4.9;138.0;270.0;275.0;;;;;;39.5;386692.0;17788;65.4
W;12x35;318;167;13.2;267.0;7.6;;6.3;35.0;66.5;52.1;11863.0;747.0;13.3;420.0;839.0;1020.0;122.0;3.9;94.2;184.0;188.0;;;;;;30.8;236043.0;16685;91.3
W;12x30;313;166;11.2;267.0;6.6;;7.4;40.4;56.7;44.6;9906.0;633.0;13.2;353.0;706.0;845.0;102.0;3.9;78.3;153.0;157.0;;;;;;19.1;193346.0;14410;167
W;12x26;310;165;9.7;267.0;5.8;;8.5;45.7;49.4;38.7;8491.0;547.0;13.1;305.0;610.0;720.0;87.5;3.8;66.9;131.0;134.0;;;;;;12.5;163001.0;12548;292
W;12x22;313;102;10.8;267.0;6.6;;4.7;40.4;41.8;32.7;6493.0;416.0;12.5;240.0;480.0;194.0;37.9;2.2;30.0;56.8;60.0;;;;;;12.1;44040.0;14893;182
W;12x19;309;102;8.9;267.0;6.0;;5.7;44.7;35.9;28.3;5411.0;349.0;12.2;202.0;405.0;157.0;30.8;2.1;24.4;46.2;48.8;;;;;;7.5;35178.0;12962;328
W;12x16;305;101;6.7;267.0;5.6;;7.5;47.7;30.4;23.8;4287.0;280.0;11.9;165.0;329.0;117.0;23.1;2.0;18.5;34.7;37.0;;;;;;4.2;26021.0;11101;673
W;12x14;303;101;5.7;267.0;5.1;;8.8;52.5;26.8;20.8;3688.0;244.0;11.7;143.0;285.0;98.2;19.5;1.9;15.6;29.3;31.1;;;;;;2.9;21590.0;9997;1037
W;10x112;289;265;31.8;194.0;19.2;;4.2;10.1;212.3;166.7;29802.0;2065.0;11.8;1204.0;2409.0;9823.0;742.0;6.8;567.0;1114.0;1134.0;;;;;;629.0;1616586.0;48815;1.19
W;10x100;282;263;28.4;194.0;17.3;;4.6;11.2;189.7;148.8;25931.0;1835.0;11.7;1065.0;2130.0;8616.0;655.0;6.7;500.0;983.0;1000.0;;;;;;454.0;1382960.0;44126;1.76
W;10x88;275;261;25.1;194.0;15.4;;5.2;12.6;167.1;131.0;22227.0;1614.0;11.5;926.0;1852.0;7451.0;570.0;6.7;435.0;855.0;870.0;;;;;;313.0;1162760.0;39162;2.78
W;10x77;269;259;22.1;194.0;13.5;;5.9;14.4;145.8;114.6;18939.0;1408.0;11.4;800.0;1599.0;6410.0;493.0;6.6;376.0;740.0;752.0;;;;;;213.0;974785.0;34543;4.48
W;10x68;264;257;19.6;194.0;11.9;;6.6;16.2;129.0;101.2;16400.0;1241.0;11.3;699.0;1398.0;5578.0;433.0;6.6;329.0;649.0;657.0;;;;;;148.0;832461.0;30751;7.03
W;10x60;260;256;17.3;194.0;10.7;;7.4;18.2;113.5;89.3;14193.0;1093.0;11.2;611.0;1222.0;4828.0;377.0;6.5;287.0;565.0;574.0;;;;;;103.0;708935.0;27372;11
W;10x54;256;255;15.6;194.0;9.4;;8.2;20.6;101.9;80.4;12612.0;983.0;11.1;546.0;1091.0;4287.0;338.0;6.5;256.0;506.0;513.0;;;;;;75.8;623003.0;24683;16.4
W;10x49;253;254;14.2;194.0;8.6;;8.9;22.4;92.9;72.9;11321.0;895.0;11.1;495.0;990.0;3888.0;306.0;6.5;232.0;460.0;464.0;;;;;;57.9;555869.0;22615;22.9
W;10x45;257;204;15.7;194.0;8.9;;6.5;21.8;85.8;67.0;10323.0;805.0;11.0;450.0;900.0;2223.0;218.0;5.1;166.0;327.0;333.0;;;;;;62.9;322243.0;25166;15.9
W;10x39;252;203;13.5;194.0;8.0;;7.5;24.2;74.2;58.0;8699.0;690.0;10.9;383.0;767.0;1873.0;185.0;5.0;141.0;278.0;282.0;;;;;;40.8;266388.0;21994;27.3
W;10x33;247;202;11.0;194.0;7.4;;9.2;26.3;62.7;49.1;7076.0;574.0;10.6;318.0;636.0;1523.0;151.0;4.9;115.0;226.0;229.0;;;;;;24.1;212143.0;18685;52.8
W;10x30;266;148;13.0;219.0;7.6;;5.7;28.8;57.0;44.6;7076.0;531.0;11.1;300.0;600.0;695.0;94.2;3.5;72.4;141.0;145.0;;;;;;25.8;111174.0;19926;45.4
W;10x26;262;147;11.2;219.0;6.6;;6.6;33.2;49.1;38.7;5994.0;457.0;11.1;256.0;513.0;587.0;80.1;3.5;61.5;120.0;123.0;;;;;;16.6;92645.0;17237;79.7
W;10x22;258;146;9.1;219.0;6.1;;8.0;35.9;41.9;32.7;4912.0;380.0;10.9;213.0;426.0;475.0;65.1;3.4;50.0;97.6;100.0;;;;;;10.0;73847.0;14824;151
W;10X19;260;102;10.0;219.0;6.4;;5.1;34.5;36.3;28.3;4008.0;308.0;10.5;177.0;354.0;179.0;35.1;2.2;27.4;52.6;54.9;;;;;;9.6;27928.0;16685;109
W;10x17;257;102;8.4;219.0;6.1;;6.1;35.9;32.2;25.3;3409.0;265.0;10.3;153.0;306.0;148.0;29.2;2.1;22.9;43.8;45.9;;;;;;6.7;22852.0;15237;165
W;10x15;254;102;6.9;219.0;5.8;;7.4;37.5;28.5;22.3;2868.0;226.0;10.0;131.0;262.0;120.0;23.8;2.1;18.8;35.6;37.7;;;;;;4.2;18341.0;13307;301
W;10x12;251;101;5.3;219.0;4.8;;9.4;45.4;22.8;17.9;2239.0;179.0;9.9;103.0;206.0;90.7;18.0;2.0;14.3;27.0;28.5;;;;;;2.1;13668.0;10687;745
W;8x67;229;210;23.7;156.0;14.5;;4.4;10.7;127.1;99.7;11321.0;990.0;9.5;575.0;1150.0;3688.0;351.0;5.4;268.0;526.0;536.0;;;;;;211.0;386692.0;45643;1.55
W;8x58;222;209;20.6;156.0;13.0;;5.1;12.0;110.3;86.3;9490.0;852.0;9.3;490.0;980.0;3126.0;300.0;5.3;229.0;450.0;457.0;;;;;;139.0;316872.0;40128;2.57
W;8x48;216;206;17.4;156.0;10.2;;5.9;15.3;91.0;71.4;7659.0;710.0;9.2;401.0;803.0;2535.0;246.0;5.3;188.0;369.0;375.0;;;;;;81.6;250007.0;33509;5.01
W;8x40;210;205;14.2;156.0;9.1;;7.2;17.0;75.5;59.5;6077.0;582.0;9.0;326.0;652.0;2044.0;200.0;5.2;152.0;300.0;303.0;;;;;;46.6;194957.0;28131;10
W;8x35;206;204;12.6;156.0;7.9;;8.1;19.8;66.5;52.1;5286.0;511.0;8.9;284.0;569.0;1773.0;174.0;5.2;132.0;261.0;264.0;;;;;;32.0;166224.0;24890;16
W;8x31;203;203;11.0;156.0;7.2;;9.2;21.5;58.9;46.1;4579.0;451.0;8.8;249.0;498.0;1544.0;152.0;5.1;116.0;228.0;231.0;;;;;;22.5;142324.0;22270;24.8
W;8x28;205;166;11.8;156.0;7.2;;7.0;21.5;53.2;41.7;4079.0;398.0;8.8;223.0;446.0;903.0;109.0;4.1;82.8;163.0;166.0;;;;;;22.5;83783.0;23994;19.6
W;8x24;201;165;10.2;156.0;6.2;;8.1;25.0;45.7;35.7;3446.0;342.0;8.7;190.0;380.0;762.0;92.3;4.1;70.2;138.0;140.0;;;;;;14.6;69551.0;20822;33.9
W;8x21;210;134;10.2;168.0;6.4;;6.6;26.5;39.7;31.3;3134.0;298.0;8.9;167.0;334.0;407.0;60.8;3.2;46.6;91.2;93.2;;;;;;11.7;40817.0;19926;44
W;8x18;207;133;8.4;168.0;5.8;;8.0;28.8;33.9;26.8;2576.0;249.0;8.7;139.0;279.0;332.0;49.8;3.1;38.2;74.7;76.4;;;;;;7.1;32761.0;17168;81.8
W;8x15;206;102;8.0;168.0;6.2;;6.4;27.0;28.7;22.3;1998.0;193.0;8.4;111.0;223.0;142.0;27.9;2.2;21.9;41.8;43.8;;;;;;5.8;13910.0;18409;72.4
W;8x13;203;102;6.5;168.0;5.8;;7.8;28.8;24.8;19.3;1648.0;162.0;8.2;93.4;187.0;114.0;22.5;2.1;17.6;33.7;35.2;;;;;;3.8;10956.0;16341;122
W;8x10;200;100;5.2;168.0;4.3;;9.6;39.0;19.1;14.9;1282.0;128.0;8.2;72.7;145.0;87.0;17.4;2.1;13.6;26.1;27.2;;;;;;1.7;8298.0;12135;377
W;6x25;162;154;11.6;121.0;8.1;;6.7;14.8;47.4;37.2;2223.0;274.0;6.9;155.0;310.0;712.0;91.9;3.9;70.1;138.0;140.0;;;;;;19.1;40280.0;30406;7.76
W;6x20;157;153;9.3;121.0;6.6;;8.3;18.3;37.9;29.8;1723.0;220.0;6.8;122.0;244.0;554.0;72.3;3.8;55.1;108.0;110.0;;;;;;10.0;30345.0;24476;17.8
W;6x15;152;152;6.6;121.0;5.8;;11.5;20.7;28.6;22.3;1211.0;159.0;6.5;88.5;177.0;388.0;51.0;3.7;38.9;76.4;77.8;;;;;;4.2;20543.0;18892;52
W;6x16;160;102;10.3;121.0;6.6;;5.0;18.3;30.6;23.8;1336.0;167.0;6.6;95.9;192.0;184.0;36.1;2.5;27.8;54.1;55.6;;;;;;9.2;10258.0;27648;12.4
W;6x12;153;102;7.1;121.0;5.8;;7.1;20.7;22.9;17.9;920.0;120.0;6.3;68.0;136.0;124.0;24.6;2.3;19.0;36.9;38.0;;;;;;3.8;6633.0;21374;36.6
W;6x9;150;100;5.5;121.0;4.3;;9.2;27.9;17.3;13.4;683.0;91.0;6.3;51.0;102.0;91.2;18.2;2.3;14.1;27.3;28.2;;;;;;1.7;4753.0;16272;105
W;5x19;131;128;10.9;88.9;6.9;;5.9;13.0;35.7;28.3;1091.0;167.0;5.5;95.0;190.0;380.0;59.5;3.3;45.3;89.2;90.6;;;;;;12.9;13642.0;35439;4.04
W;5x16;127;127;9.1;88.9;6.1;;6.9;14.6;30.2;23.8;887.0;139.0;5.4;78.6;157.0;313.0;49.2;3.2;37.4;73.7;74.9;;;;;;7.9;10903.0;30613;7.28
W;4x13;106;103;8.8;69.9;7.1;;5.9;9.8;24.7;19.3;470.0;89.5;4.4;51.5;103.0;161.0;31.1;2.5;23.9;46.7;47.9;;;;;;6.2;3760.0;38335;3.24
HP;14x117;361;378.0;20.5;286.0;20.5;;9.3;14.0;221.9;174.1;50780.0;2819.0;15.1;1590.0;3179.0;18439.0;975.0;9.1;749.0;1463.0;1498;;;;;;334;5343864;26683;13.9
HP;14x102;356;376;17.9;286.0;17.9;;10.5;16.0;193.5;151.8;43704.0;2458.0;15.0;1385.0;2769.0;15817.0;842.0;9.0;646.0;1263.0;1291.0;;;;;;225;4511403;23442;22.9
HP;14x89;351;373;15.6;286.0;15.6;;11.9;18.3;168.4;132.4;37627.0;2147.0;14.9;1196.0;2393.0;13569.0;726.0;9.0;555.0;1089.0;1109.0;;;;;;150;3813209;20408;38.7
HP;14x73;346;370;12.8;286.0;12.8;;14.4;22.3;138.1;108.6;30343.0;1753.0;14.8;967.0;1934.0;10864.0;587.0;8.9;447.0;880.0;895.0;;;;;;83.7;3007602;16892;81.6
HP;12x84;312;312.0;17.4;241.0;17.4;;9.0;13.9;158.7;125.0;27055.0;1737.0;13.1;983.0;1966.0;8866.0;567.0;7.5;436.0;850.0;872;;;;;;176;1922717;26614;14.1
HP;12x74;308;310;15.5;241.0;15.4;;10.0;15.7;140.6;110.1;23684.0;1537.0;13.0;860.0;1721.0;7742.0;498.0;7.4;382.0;747.0;764.0;;;;;;124;1656866;23718;22.1
HP;12x63;303;308;13.1;241.0;13.1;;11.8;18.4;118.7;93.8;19646.0;1296.0;12.9;723.0;1447.0;6368.0;415.0;7.3;317.0;622.0;634.0;;;;;;76.2;1339994;20271;40.8
HP;12x53;299;306;11.1;241.0;11.1;;13.8;21.8;100.0;78.9;16358.0;1095.0;12.8;606.0;1213.0;5286.0;346.0;7.3;264.0;519.0;528.0;;;;;;46.6;1098312;17237;76.8
HP;10x57;254;260.0;14.4;194.0;14.4;;9.1;13.5;108.4;84.8;12237.0;964.0;10.6;545.0;1090.0;4204.0;323.0;6.2;248.0;484.0;497;;;;;;82;601520;27027;13.3
HP;10x42;246;256;10.7;194.0;10.5;;12.0;18.4;80.0;62.5;8741.0;711.0;10.5;396.0;791.0;2984.0;233.0;6.1;179.0;349.0;357.0;;;;;;33.7;413545;20133;41.4
HP;8x36;204;207.0;11.3;156.0;11.3;;9.2;13.8;68.4;53.6;4953.0;488.0;8.5;275.0;551.0;1677.0;162.0;5.0;125.0;243.0;249;;;;;;32;155214;26476;14.4
M;12x11.8;303.0;78.0;5.7;278.0;4.5;;6.8;61.8;22.5;17.6;2984.0;198.0;11.5;117.0;234.0;45.4;11.6;1.42;9.5;17.4;19;;;;;;2.081;9130;9791;1193
M;12x10.8;301.0;78.0;5.2;276.0;4.1;;7.4;67.1;20.7;16.1;2739.0;182.0;11.5;107.0;215.0;41.4;10.6;1.4;8.6;16;17.2;;;;;;1.665;8405;9101;1595
M;10x9;250;68.0;5.2;225.0;4.0;;6.5;56.5;17.2;13.4;1602.0;128.0;9.7;75.5;151.0;28.0;8.2;1.3;6.7;12.3;13.4;;;;;;1.249;3921;10825;780
M;10x8;249;68.0;4.7;224.0;3.5;;7.4;63.4;15.4;11.9;1428.0;115.0;9.7;67.2;134.0;24.8;7.3;1.3;5.9;10.9;11.8;;;;;;0.832;3437;9653;1216
M;8x6,5;199.0;58.0;4.7;175.0;3.4;;6.1;51.7;12.4;9.7;753.0;75.7;7.8;44.2;88.5;15.4;5.3;1.1;4.3;7.99;8.64;;;;;;0.832;1404;12273;435
M;5x18,9;127;127.0;10.6;82.6;8.0;;6.0;10.3;35.8;28.1;1003.0;158.0;5.3;90.1;180.0;327.0;51.5;3.0;41.1;77.2;82.3;;;;;;14.15;11091;39369;2.82
